confidence,nms_iou,precision,recall,f1,false_positives,false_negatives,rw_defect_recall,rw_clean_false_alarm_rate
0.1,0.5,0.4493,0.7492,0.5617,304,83,1.0,1.0
0.15,0.5,0.5203,0.7372,0.61,225,87,1.0,1.0
0.2,0.5,0.5683,0.716,0.6337,180,94,1.0,1.0
0.25,0.5,0.6086,0.6858,0.6449,146,104,1.0,1.0
0.3,0.5,0.6501,0.6737,0.6617,120,108,1.0,1.0
0.35,0.5,0.6957,0.6284,0.6603,91,123,1.0,0.0
0.4,0.5,0.7323,0.5952,0.6567,72,134,1.0,0.0
0.45,0.5,0.7983,0.5619,0.6596,47,145,0.8182,0.0
0.5,0.5,0.8146,0.5045,0.6231,38,164,0.8182,0.0
0.55,0.5,0.8302,0.3988,0.5388,27,199,0.7273,0.0
0.6,0.5,0.8721,0.2266,0.3597,11,256,0.3636,0.0
0.65,0.5,0.8983,0.1601,0.2718,6,278,0.2727,0.0
0.7,0.5,0.9259,0.0755,0.1397,2,306,0.0909,0.0
