model_name,model_path,architecture,file_size,training_epoch,class_count,class_names,image_size,source_dataset,date_created
best.pt,13 belt_output\detect\belt_defect_yolo11s\run_512_optimized\weights\best.pt,yolo11s.pt,18.28 MB,-1,5,"{0: 'belt splice', 1: 'deep scratch', 2: 'longitudinal tear', 3: 'normal belt', 4: 'slight scratch'}",512,/kaggle/input/datasets/rithuson/blet-predector-from-roboflow/belt predutor/data.yaml,2026-09-13 17:07:37
epoch0.pt,13 belt_output\detect\belt_defect_yolo11s\run_512_optimized\weights\epoch0.pt,yolo11s.pt,36.36 MB,0,0,{},512,/kaggle/input/datasets/rithuson/blet-predector-from-roboflow/belt predutor/data.yaml,2026-09-13 17:07:39
epoch10.pt,13 belt_output\detect\belt_defect_yolo11s\run_512_optimized\weights\epoch10.pt,yolo11s.pt,36.36 MB,10,0,{},512,/kaggle/input/datasets/rithuson/blet-predector-from-roboflow/belt predutor/data.yaml,2026-09-13 17:07:40
epoch20.pt,13 belt_output\detect\belt_defect_yolo11s\run_512_optimized\weights\epoch20.pt,yolo11s.pt,36.36 MB,20,0,{},512,/kaggle/input/datasets/rithuson/blet-predector-from-roboflow/belt predutor/data.yaml,2026-09-13 17:07:40
epoch30.pt,13 belt_output\detect\belt_defect_yolo11s\run_512_optimized\weights\epoch30.pt,yolo11s.pt,36.36 MB,30,0,{},512,/kaggle/input/datasets/rithuson/blet-predector-from-roboflow/belt predutor/data.yaml,2026-09-13 17:07:39
epoch40.pt,13 belt_output\detect\belt_defect_yolo11s\run_512_optimized\weights\epoch40.pt,yolo11s.pt,36.36 MB,40,0,{},512,/kaggle/input/datasets/rithuson/blet-predector-from-roboflow/belt predutor/data.yaml,2026-09-13 17:07:39
epoch50.pt,13 belt_output\detect\belt_defect_yolo11s\run_512_optimized\weights\epoch50.pt,yolo11s.pt,36.36 MB,50,0,{},512,/kaggle/input/datasets/rithuson/blet-predector-from-roboflow/belt predutor/data.yaml,2026-09-13 17:07:41
epoch60.pt,13 belt_output\detect\belt_defect_yolo11s\run_512_optimized\weights\epoch60.pt,yolo11s.pt,36.37 MB,60,0,{},512,/kaggle/input/datasets/rithuson/blet-predector-from-roboflow/belt predutor/data.yaml,2026-09-13 17:07:40
epoch70.pt,13 belt_output\detect\belt_defect_yolo11s\run_512_optimized\weights\epoch70.pt,yolo11s.pt,36.37 MB,70,0,{},512,/kaggle/input/datasets/rithuson/blet-predector-from-roboflow/belt predutor/data.yaml,2026-09-13 17:07:38
epoch80.pt,13 belt_output\detect\belt_defect_yolo11s\run_512_optimized\weights\epoch80.pt,yolo11s.pt,36.37 MB,80,0,{},512,/kaggle/input/datasets/rithuson/blet-predector-from-roboflow/belt predutor/data.yaml,2026-09-13 17:07:38
epoch90.pt,13 belt_output\detect\belt_defect_yolo11s\run_512_optimized\weights\epoch90.pt,yolo11s.pt,36.37 MB,90,0,{},512,/kaggle/input/datasets/rithuson/blet-predector-from-roboflow/belt predutor/data.yaml,2026-09-13 17:07:38
last.pt,13 belt_output\detect\belt_defect_yolo11s\run_512_optimized\weights\last.pt,yolo11s.pt,18.28 MB,-1,5,"{0: 'belt splice', 1: 'deep scratch', 2: 'longitudinal tear', 3: 'normal belt', 4: 'slight scratch'}",512,/kaggle/input/datasets/rithuson/blet-predector-from-roboflow/belt predutor/data.yaml,2026-09-13 17:07:41
best.pt,belt_defect_yolo11m\run_800_medium-2\weights\best.pt,yolo11m.pt,38.68 MB,-1,5,"{0: 'belt splice', 1: 'deep scratch', 2: 'longitudinal tear', 3: 'normal belt', 4: 'slight scratch'}",800,/kaggle/input/datasets/rithuson/800x800-rr/800x800 dataset/data.yaml,2026-09-14 11:38:49
last.pt,belt_defect_yolo11m\run_800_medium-2\weights\last.pt,yolo11m.pt,38.68 MB,-1,5,"{0: 'belt splice', 1: 'deep scratch', 2: 'longitudinal tear', 3: 'normal belt', 4: 'slight scratch'}",800,/kaggle/input/datasets/rithuson/800x800-rr/800x800 dataset/data.yaml,2026-09-14 11:38:49
best.pt,belt_defect_yolo11s\run_v3_balanced\weights\best.pt,yolo11s.pt,18.32 MB,-1,5,"{0: 'belt splice', 1: 'deep scratch', 2: 'longitudinal tear', 3: 'normal belt', 4: 'slight scratch'}",800,/kaggle/input/datasets/rithuson/800x800/800x800 dataset/data.yaml,2026-09-13 21:54:32
last.pt,belt_defect_yolo11s\run_v3_balanced\weights\last.pt,yolo11s.pt,18.32 MB,-1,5,"{0: 'belt splice', 1: 'deep scratch', 2: 'longitudinal tear', 3: 'normal belt', 4: 'slight scratch'}",800,/kaggle/input/datasets/rithuson/800x800/800x800 dataset/data.yaml,2026-09-13 21:54:32
best.pt,belt_output\detect\belt_defect_yolo11s\run_v3_balanced\weights\best.pt,yolo11s.pt,18.28 MB,-1,5,"{0: 'belt splice', 1: 'deep scratch', 2: 'longitudinal tear', 3: 'normal belt', 4: 'slight scratch'}",512,/kaggle/input/datasets/rithuson/800x800/800x800 dataset/data.yaml,2026-09-13 20:03:34
last.pt,belt_output\detect\belt_defect_yolo11s\run_v3_balanced\weights\last.pt,yolo11s.pt,18.28 MB,-1,5,"{0: 'belt splice', 1: 'deep scratch', 2: 'longitudinal tear', 3: 'normal belt', 4: 'slight scratch'}",512,/kaggle/input/datasets/rithuson/800x800/800x800 dataset/data.yaml,2026-09-13 20:03:34
best.pt,best.pt,yolo11s.pt,18.29 MB,-1,5,"{0: 'belt splice', 1: 'deep scratch', 2: 'longitudinal tear', 3: 'normal belt', 4: 'slight scratch'}",640,/kaggle/input/datasets/rithuson/blet-predector-from-roboflow/belt predutor/data.yaml,2026-09-04 10:40:38
yolox_s.pth,d:\SIH\BeltCrack-master\model_data\yolox_s.pth,Unknown,34.39 MB,N/A,0,{},Unknown,Unknown,2026-09-02 19:05:37
best_model.pt,d:\SIH\anband told\models\best_model.pt,yolo11s.pt,18.32 MB,-1,5,"{0: 'belt splice', 1: 'deep scratch', 2: 'longitudinal tear', 3: 'normal belt', 4: 'slight scratch'}",800,/kaggle/input/datasets/rithuson/800x800/800x800 dataset/data.yaml,2026-09-13 21:54:32
final_sih_model.pt,d:\SIH\anband told\models\final_sih_model.pt,yolo11s.pt,18.32 MB,-1,5,"{0: 'belt splice', 1: 'deep scratch', 2: 'longitudinal tear', 3: 'normal belt', 4: 'slight scratch'}",800,/kaggle/input/datasets/rithuson/800x800/800x800 dataset/data.yaml,2026-09-14 18:47:34
best.pt,d:\SIH\anband told\runs\detect\conveyor_defect_yolo11\weights\best.pt,yolo11s.pt,18.32 MB,-1,5,"{0: 'belt splice', 1: 'deep scratch', 2: 'longitudinal tear', 3: 'normal belt', 4: 'slight scratch'}",800,/kaggle/input/datasets/rithuson/800x800/800x800 dataset/data.yaml,2026-09-13 21:54:32
best.pt,detect\train\weights\best.pt,yolo11s.pt,18.29 MB,-1,5,"{0: 'belt splice', 1: 'deep scratch', 2: 'longitudinal tear', 3: 'normal belt', 4: 'slight scratch'}",640,/kaggle/input/datasets/rithuson/blet-predector-from-roboflow/belt predutor/data.yaml,2026-09-04 10:40:38
last.pt,detect\train\weights\last.pt,yolo11s.pt,18.29 MB,-1,5,"{0: 'belt splice', 1: 'deep scratch', 2: 'longitudinal tear', 3: 'normal belt', 4: 'slight scratch'}",640,/kaggle/input/datasets/rithuson/blet-predector-from-roboflow/belt predutor/data.yaml,2026-09-04 10:40:38
final_sih_model.pt,final_sih_model.pt,yolo11s.pt,18.32 MB,-1,5,"{0: 'belt splice', 1: 'deep scratch', 2: 'longitudinal tear', 3: 'normal belt', 4: 'slight scratch'}",800,/kaggle/input/datasets/rithuson/800x800/800x800 dataset/data.yaml,2026-09-14 18:47:34
best_model.pt,models\best_model.pt,yolo11s.pt,18.32 MB,-1,5,"{0: 'belt splice', 1: 'deep scratch', 2: 'longitudinal tear', 3: 'normal belt', 4: 'slight scratch'}",800,/kaggle/input/datasets/rithuson/800x800/800x800 dataset/data.yaml,2026-09-13 21:54:32
final_sih_model.pt,models\final_sih_model.pt,yolo11s.pt,18.32 MB,-1,5,"{0: 'belt splice', 1: 'deep scratch', 2: 'longitudinal tear', 3: 'normal belt', 4: 'slight scratch'}",800,/kaggle/input/datasets/rithuson/800x800/800x800 dataset/data.yaml,2026-09-14 18:47:34
best.pt,run_v3_balanced\weights\best.pt,yolo11s.pt,18.27 MB,-1,5,"{0: 'belt splice', 1: 'deep scratch', 2: 'longitudinal tear', 3: 'normal belt', 4: 'slight scratch'}",512,/kaggle/input/datasets/rithuson/blet-predector-from-roboflow/belt predutor/data.yaml,2026-09-13 17:54:17
last.pt,run_v3_balanced\weights\last.pt,yolo11s.pt,18.27 MB,-1,5,"{0: 'belt splice', 1: 'deep scratch', 2: 'longitudinal tear', 3: 'normal belt', 4: 'slight scratch'}",512,/kaggle/input/datasets/rithuson/blet-predector-from-roboflow/belt predutor/data.yaml,2026-09-13 17:54:17
