image,class,old_bbox,recommended_bbox,issue,severity,review_status
healthy_01_frame_20260504_001551_068015_jpg.rf.2eae1557a440a3106f20cad67bc9714f.jpg,Normal Belt,"[388.1, 177.8, 689.3, 497.4]","[388.1, 177.8, 689.3, 497.4]",NORMAL_TIGHT,OK,PENDING_HUMAN_CONFIRMATION
healthy_02_frame_20260504_001606_073276_jpg.rf.4548423d7cd1e025f133c156c2ba2c5b.jpg,Normal Belt,"[344.1, 135.5, 477.4, 505.8]","[344.1, 135.5, 477.4, 505.8]",NORMAL_TIGHT,OK,PENDING_HUMAN_CONFIRMATION
healthy_03_frame_20260504_001610_014236_jpg.rf.3eae5a7e3561521329e39c8bf75f3ab2.jpg,Normal Belt,"[145.2, 146.0, 277.4, 533.3]","[145.2, 146.0, 277.4, 533.3]",NORMAL_TIGHT,OK,PENDING_HUMAN_CONFIRMATION
healthy_04_frame_20260504_003223_261865_jpg.rf.c57cb6c90f2306caa729815a699c3894.jpg,Normal Belt,"[550.0, 103.7, 771.4, 194.7]","[550.0, 103.7, 771.4, 194.7]",NORMAL_TIGHT,OK,PENDING_HUMAN_CONFIRMATION
healthy_05_frame_20260504_003751_279429_jpg.rf.1d65e958909e76e16226a7b388d7f5e2.jpg,Normal Belt,"[221.4, 93.1, 663.1, 474.1]","[221.4, 93.1, 663.1, 474.1]",NORMAL_TIGHT,OK,PENDING_HUMAN_CONFIRMATION
healthy_06_frame_20260504_004428_968516_jpg.rf.17abd8ef295655f2457393854b6f0f2c.jpg,Normal Belt,"[383.3, 67.7, 614.3, 154.5]","[383.3, 67.7, 614.3, 154.5]",NORMAL_TIGHT,OK,PENDING_HUMAN_CONFIRMATION
healthy_07_frame_20260504_001443_963840_jpg.rf.791ffd9b275f42be102838619f9c3a4f.jpg,Normal Belt,"[163.1, 84.7, 677.4, 370.4]","[163.1, 84.7, 677.4, 370.4]",NORMAL_TIGHT,OK,PENDING_HUMAN_CONFIRMATION
healthy_08_frame_20260504_001453_094795_jpg.rf.965b1f19600269ad921f53f2648c46a9.jpg,Normal Belt,"[136.9, 304.8, 525.0, 529.1]","[136.9, 304.8, 525.0, 529.1]",NORMAL_TIGHT,OK,PENDING_HUMAN_CONFIRMATION
healthy_09_frame_20260504_001457_172954_jpg.rf.c14014192a520d1f9c41d3a31ef9b8e0.jpg,Normal Belt,"[250.0, 107.9, 665.5, 376.7]","[250.0, 107.9, 665.5, 376.7]",NORMAL_TIGHT,OK,PENDING_HUMAN_CONFIRMATION
healthy_10_frame_20260504_001459_046383_jpg.rf.9e74d9fd5028709eff76c5804d3ffbc3.jpg,Normal Belt,"[75.0, 65.6, 667.9, 338.6]","[75.0, 65.6, 667.9, 338.6]",NORMAL_TIGHT,OK,PENDING_HUMAN_CONFIRMATION
healthy_11_frame_20260504_001502_987492_jpg.rf.ea59c6a8e3d6142a6de006250a1f59ff.jpg,Normal Belt,"[105.9, 177.8, 639.3, 484.7]","[105.9, 177.8, 639.3, 484.7]",NORMAL_TIGHT,OK,PENDING_HUMAN_CONFIRMATION
healthy_12_frame_20260504_001508_967870_jpg.rf.b7771161e87c3437f792f3e372614fa0.jpg,Normal Belt,"[114.3, 203.2, 600.0, 444.4]","[114.3, 203.2, 600.0, 444.4]",NORMAL_TIGHT,OK,PENDING_HUMAN_CONFIRMATION
healthy_13_frame_20260504_001512_057324_jpg.rf.4c796b5db2f5f181c065f179bf92452e.jpg,Normal Belt,"[126.2, 163.0, 576.2, 400.0]","[126.2, 163.0, 576.2, 400.0]",NORMAL_TIGHT,OK,PENDING_HUMAN_CONFIRMATION
healthy_14_frame_20260504_001514_079555_jpg.rf.37495c3e65cc5b3de1175ca91421b6fb.jpg,Normal Belt,"[136.9, 234.9, 652.4, 469.8]","[136.9, 234.9, 652.4, 469.8]",NORMAL_TIGHT,OK,PENDING_HUMAN_CONFIRMATION
healthy_15_frame_20260504_001533_079628_jpg.rf.54a1f6294ab3d89ab46808bf151cbf93.jpg,Normal Belt,"[396.4, 190.5, 644.0, 607.4]","[396.4, 190.5, 644.0, 607.4]",NORMAL_TIGHT,OK,PENDING_HUMAN_CONFIRMATION
healthy_16_frame_20260504_001536_052864_jpg.rf.67016407ef0efb81ee410788bcd28473.jpg,Normal Belt,"[207.1, 116.4, 632.1, 461.4]","[207.1, 116.4, 632.1, 461.4]",NORMAL_TIGHT,OK,PENDING_HUMAN_CONFIRMATION
healthy_17_frame_20260504_001537_025726_jpg.rf.ec97a516259791d37b4e847ca318d5f5.jpg,Normal Belt,"[234.5, 243.4, 689.3, 387.3]","[234.5, 243.4, 689.3, 387.3]",NORMAL_TIGHT,OK,PENDING_HUMAN_CONFIRMATION
healthy_18_frame_20260504_001546_021033_jpg.rf.ab254af675da1ec558b09b0ab306214b.jpg,Normal Belt,"[313.1, 127.0, 698.8, 309.0]","[313.1, 127.0, 698.8, 309.0]",NORMAL_TIGHT,OK,PENDING_HUMAN_CONFIRMATION
healthy_19_frame_20260504_001548_002420_jpg.rf.546d4039eb67ad0fc551ffa6f7e6ecd1.jpg,Normal Belt,"[376.2, 192.6, 595.2, 457.1]","[376.2, 192.6, 595.2, 457.1]",NORMAL_TIGHT,OK,PENDING_HUMAN_CONFIRMATION
healthy_20_frame_20260504_001552_051405_jpg.rf.fbe3c6f052dd7cd37e34610d9f0fb500.jpg,Normal Belt,"[178.6, 179.9, 676.2, 397.9]","[178.6, 179.9, 676.2, 397.9]",NORMAL_TIGHT,OK,PENDING_HUMAN_CONFIRMATION
healthy_21_frame_20260504_001554_019290_jpg.rf.cca280432ec81191b9cd2866d2c093cc.jpg,Normal Belt,"[126.2, 177.8, 307.1, 594.7]","[126.2, 177.8, 307.1, 594.7]",NORMAL_TIGHT,OK,PENDING_HUMAN_CONFIRMATION
healthy_22_frame_20260504_001557_041982_jpg.rf.9cde12a12079ac00cfbcc36a820f89bd.jpg,Normal Belt,"[253.6, 279.4, 602.4, 431.7]","[253.6, 279.4, 602.4, 431.7]",NORMAL_TIGHT,OK,PENDING_HUMAN_CONFIRMATION
healthy_23_frame_20260504_001558_022123_jpg.rf.842536e8ea30804bb731c12ca4f9b32b.jpg,Normal Belt,"[214.3, 148.1, 719.0, 315.3]","[214.3, 148.1, 719.0, 315.3]",NORMAL_TIGHT,OK,PENDING_HUMAN_CONFIRMATION
healthy_24_frame_20260504_001603_223753_jpg.rf.4eb1b8325d2139d1bc93d2ab51d84ce5.jpg,Normal Belt,"[229.8, 122.7, 654.8, 336.5]","[229.8, 122.7, 654.8, 336.5]",NORMAL_TIGHT,OK,PENDING_HUMAN_CONFIRMATION
healthy_25_frame_20260504_001607_186712_jpg.rf.f609f97e2f2811e62ebc1df49d6f9dc8.jpg,Normal Belt,"[223.8, 192.6, 657.1, 446.6]","[223.8, 192.6, 657.1, 446.6]",NORMAL_TIGHT,OK,PENDING_HUMAN_CONFIRMATION
healthy_26_frame_20260504_001609_085785_jpg.rf.564e198d7ed9f00b0a45420b33f61760.jpg,Normal Belt,"[176.2, 182.0, 291.7, 465.6]","[176.2, 182.0, 291.7, 465.6]",NORMAL_TIGHT,OK,PENDING_HUMAN_CONFIRMATION
healthy_27_frame_20260504_001616_036004_jpg.rf.08ea1340e060373c2a43dd4fd6e5aa98.jpg,Normal Belt,"[232.1, 169.3, 673.8, 427.5]","[232.1, 169.3, 673.8, 427.5]",NORMAL_TIGHT,OK,PENDING_HUMAN_CONFIRMATION
healthy_28_frame_20260504_002332_685934_jpg.rf.4ad06a701d2513465eb7824e282bba43.jpg,Normal Belt,"[267.9, 323.8, 660.7, 429.6]","[267.9, 323.8, 660.7, 429.6]",NORMAL_TIGHT,OK,PENDING_HUMAN_CONFIRMATION
healthy_29_frame_20260504_002350_696874_jpg.rf.67afa279e2f7582b3f0d6e0188d0310a.jpg,Normal Belt,"[400.0, 218.0, 516.7, 374.6]","[400.0, 218.0, 516.7, 374.6]",NORMAL_TIGHT,OK,PENDING_HUMAN_CONFIRMATION
healthy_30_frame_20260504_002353_727595_jpg.rf.883e0b18bed32b79e1da8bb4f922c11a.jpg,Normal Belt,"[339.3, 315.3, 615.5, 469.8]","[339.3, 315.3, 615.5, 469.8]",NORMAL_TIGHT,OK,PENDING_HUMAN_CONFIRMATION
belt_splice_01_frame_20260504_001504_008469_jpg.rf.9d08b7e32f548664329b119f66d4611b.jpg,Belt Splice,"[15.5, 232.8, 663.1, 491.0]","[15.5, 232.8, 663.1, 491.0]",NORMAL_TIGHT,OK,PENDING_HUMAN_CONFIRMATION
belt_splice_02_frame_20260504_001445_047434_jpg.rf.1fd76942948d19edb8efa98b10b9b4a5.jpg,Belt Splice,"[95.2, 554.5, 616.7, 776.7]","[95.2, 554.5, 616.7, 776.7]",NORMAL_TIGHT,OK,PENDING_HUMAN_CONFIRMATION
belt_splice_03_frame_20260504_001448_939978_jpg.rf.7bf0c76ea72908b43a9992a6835b52fc.jpg,Belt Splice,"[16.7, 29.6, 715.5, 334.4]","[16.7, 29.6, 715.5, 334.4]",NORMAL_TIGHT,OK,PENDING_HUMAN_CONFIRMATION
belt_splice_04_frame_20260504_001534_122536_jpg.rf.ccb51e749bead969d37c4cbeea5d6bcc.jpg,Belt Splice,"[70.2, 512.2, 659.5, 719.6]","[70.2, 512.2, 659.5, 719.6]",NORMAL_TIGHT,OK,PENDING_HUMAN_CONFIRMATION
belt_splice_05_frame_20260504_001549_078762_jpg.rf.4c9b6a416fb4d0d4d54b9f63c4bc5d6f.jpg,Belt Splice,"[95.2, 533.3, 650.0, 761.9]","[95.2, 533.3, 650.0, 761.9]",NORMAL_TIGHT,OK,PENDING_HUMAN_CONFIRMATION
belt_splice_05_frame_20260504_001549_078762_jpg.rf.4c9b6a416fb4d0d4d54b9f63c4bc5d6f.jpg,Normal Belt,"[125.0, 163.0, 688.1, 319.6]","[125.0, 163.0, 688.1, 319.6]",NORMAL_TIGHT,OK,PENDING_HUMAN_CONFIRMATION
belt_splice_06_frame_20260504_001553_104920_jpg.rf.06910f1fa4eef6889b1ae7cbc7dfe8a1.jpg,Belt Splice,"[41.7, 29.6, 754.8, 347.1]","[41.7, 29.6, 754.8, 347.1]",NORMAL_TIGHT,OK,PENDING_HUMAN_CONFIRMATION
belt_splice_07_frame_20260504_001608_041157_jpg.rf.895ce85f4da9544401e7c7ae81b135b4.jpg,Belt Splice,"[92.9, 131.2, 757.1, 421.2]","[92.9, 131.2, 757.1, 421.2]",NORMAL_TIGHT,OK,PENDING_HUMAN_CONFIRMATION
belt_splice_08_frame_20260504_002351_721258_jpg.rf.61050ff5514265572a506e35b06ad461.jpg,Belt Splice,"[178.6, 582.0, 606.0, 706.9]","[178.6, 582.0, 606.0, 706.9]",NORMAL_TIGHT,OK,PENDING_HUMAN_CONFIRMATION
belt_splice_09_frame_20260504_002355_717638_jpg.rf.9bd9227984df4f46c166e76263bddbd8.jpg,Belt Splice,"[136.9, 184.1, 641.7, 452.9]","[136.9, 184.1, 641.7, 452.9]",NORMAL_TIGHT,OK,PENDING_HUMAN_CONFIRMATION
belt_splice_10_frame_20260504_002406_708018_jpg.rf.be4013cacfa2e012ff1421bd1bb97e7c.jpg,Belt Splice,"[201.2, 598.9, 590.5, 732.3]","[201.2, 598.9, 590.5, 732.3]",NORMAL_TIGHT,OK,PENDING_HUMAN_CONFIRMATION
belt_splice_11_frame_20260504_002425_778323_jpg.rf.0e4735c4a839e8aee99776e79283029d.jpg,Belt Splice,"[166.7, 296.3, 663.1, 482.5]","[166.7, 296.3, 663.1, 482.5]",NORMAL_TIGHT,OK,PENDING_HUMAN_CONFIRMATION
belt_splice_12_frame_20260504_002440_754928_jpg.rf.6f9273205dd81c9df04bb6a1b0ace422.jpg,Belt Splice,"[151.2, 402.1, 625.0, 598.9]","[151.2, 402.1, 625.0, 598.9]",NORMAL_TIGHT,OK,PENDING_HUMAN_CONFIRMATION
belt_splice_13_frame_20260504_003738_264921_jpg.rf.a8283c19e4d32f8c511c4711a12e8069.jpg,Belt Splice,"[142.9, 262.4, 685.7, 527.0]","[142.9, 262.4, 685.7, 527.0]",NORMAL_TIGHT,OK,PENDING_HUMAN_CONFIRMATION
belt_splice_14_frame_20260504_003749_285762_jpg.rf.52f0b53fab1f1fa2d768eea9abef141f.jpg,Belt Splice,"[186.9, 624.3, 597.6, 772.5]","[186.9, 624.3, 597.6, 772.5]",NORMAL_TIGHT,OK,PENDING_HUMAN_CONFIRMATION
belt_splice_15_frame_20260504_003808_345436_jpg.rf.b9abac02d81ba7193d7fa9a0f6232ed7.jpg,Belt Splice,"[147.6, 368.3, 664.3, 539.7]","[147.6, 368.3, 664.3, 539.7]",NORMAL_TIGHT,OK,PENDING_HUMAN_CONFIRMATION
belt_splice_16_frame_20260504_004430_979805_jpg.rf.dacc581a63b8ce684ff27593d3fe0494.jpg,Belt Splice,"[156.0, 374.6, 685.7, 586.3]","[156.0, 374.6, 685.7, 586.3]",NORMAL_TIGHT,OK,PENDING_HUMAN_CONFIRMATION
belt_splice_17_frame_20260504_004445_970180_jpg.rf.69abb3f3ae45da9dd5b4a6b016d46a03.jpg,Belt Splice,"[163.1, 372.5, 654.8, 520.6]","[163.1, 372.5, 654.8, 520.6]",NORMAL_TIGHT,OK,PENDING_HUMAN_CONFIRMATION
belt_splice_18_frame_20260504_004501_016110_jpg.rf.d77b1094a463b29f8e3528567e6a70cf.jpg,Belt Splice,"[169.0, 440.2, 639.3, 579.9]","[169.0, 440.2, 639.3, 579.9]",NORMAL_TIGHT,OK,PENDING_HUMAN_CONFIRMATION
belt_splice_19_frame_20260504_005330_589754_jpg.rf.6f142fbbe3f8837691e961212edab5cb.jpg,Belt Splice,"[201.2, 628.6, 582.1, 742.9]","[201.2, 628.6, 582.1, 742.9]",NORMAL_TIGHT,OK,PENDING_HUMAN_CONFIRMATION
belt_splice_20_frame_20260504_005334_600307_jpg.rf.6f10585afc985232388f418f857d52bb.jpg,Belt Splice,"[158.3, 376.7, 632.1, 520.6]","[158.3, 376.7, 632.1, 520.6]",NORMAL_TIGHT,OK,PENDING_HUMAN_CONFIRMATION
belt_splice_21_frame_20260504_005904_878080_jpg.rf.76c89b60828324b9603a29c2d168f93d.jpg,Belt Splice,"[138.1, 450.8, 575.0, 634.9]","[138.1, 450.8, 575.0, 634.9]",NORMAL_TIGHT,OK,PENDING_HUMAN_CONFIRMATION
belt_splice_22_frame_20260504_005908_880939_jpg.rf.839d54b4e0b9c456980aec1d6aaa735a.jpg,Belt Splice,"[88.1, 82.5, 692.9, 340.7]","[88.1, 82.5, 692.9, 340.7]",NORMAL_TIGHT,OK,PENDING_HUMAN_CONFIRMATION
belt_splice_23_frame_20260504_005919_851039_jpg.rf.ea52f15c4114ff8fa5eee8d43110263a.jpg,Belt Splice,"[138.1, 491.0, 582.1, 673.0]","[138.1, 491.0, 582.1, 673.0]",NORMAL_TIGHT,OK,PENDING_HUMAN_CONFIRMATION
belt_splice_24_frame_20260504_005923_721811_jpg.rf.640e9356565a774e647fadc2baf3cd6a.jpg,Belt Splice,"[111.9, 160.8, 665.5, 446.6]","[111.9, 160.8, 665.5, 446.6]",NORMAL_TIGHT,OK,PENDING_HUMAN_CONFIRMATION
belt_splice_25_frame_20260504_005939_055585_jpg.rf.a0c6486814cba0df8df9eddbfc813679.jpg,Belt Splice,"[127.4, 281.5, 627.4, 480.4]","[127.4, 281.5, 627.4, 480.4]",NORMAL_TIGHT,OK,PENDING_HUMAN_CONFIRMATION
belt_splice_26_frame_20260504_010001_005058_jpg.rf.7c329401c205a204bf6a9178329f2848.jpg,Belt Splice,"[182.1, 584.1, 554.8, 723.8]","[182.1, 584.1, 554.8, 723.8]",NORMAL_TIGHT,OK,PENDING_HUMAN_CONFIRMATION
belt_splice_27_frame_20260504_010005_042922_jpg.rf.8e8f7ef5a02e465736fb7661a849fd26.jpg,Belt Splice,"[128.6, 306.9, 626.2, 518.5]","[128.6, 306.9, 626.2, 518.5]",NORMAL_TIGHT,OK,PENDING_HUMAN_CONFIRMATION
belt_splice_28_frame_20260504_010016_019268_jpg.rf.2539841ae4c0e74bf8e48dab700db809.jpg,Belt Splice,"[166.7, 605.3, 539.3, 721.7]","[166.7, 605.3, 539.3, 721.7]",NORMAL_TIGHT,OK,PENDING_HUMAN_CONFIRMATION
belt_splice_29_frame_20260504_010345_901782_jpg.rf.746a825b6596cd482a8b9c2b53e435a3.jpg,Belt Splice,"[106.0, 256.1, 619.0, 474.1]","[106.0, 256.1, 619.0, 474.1]",NORMAL_TIGHT,OK,PENDING_HUMAN_CONFIRMATION
belt_splice_30_frame_20260504_010356_918602_jpg.rf.5b44d5c8beb9abaea665574af1f508dc.jpg,Belt Splice,"[171.4, 584.1, 545.2, 683.6]","[171.4, 584.1, 545.2, 683.6]",NORMAL_TIGHT,OK,PENDING_HUMAN_CONFIRMATION
belt_splice_30_frame_20260504_010356_918602_jpg.rf.5b44d5c8beb9abaea665574af1f508dc.jpg,Deep Scratch,"[275.0, 29.6, 453.6, 302.6]","[310.7, 84.2, 417.9, 248.0]",OVERSIZED_BOX (Encompasses clean background),HIGH,PENDING_HUMAN_CONFIRMATION
deep_scratch_01_frame_20260504_005906_773257_jpg.rf.a5efba1b2b765512f9944b0d89dd10ec.jpg,Deep Scratch,"[278.6, 402.1, 400.0, 465.6]","[278.6, 402.1, 400.0, 465.6]",NORMAL_TIGHT,OK,PENDING_HUMAN_CONFIRMATION
deep_scratch_02_frame_20260504_005941_985035_jpg.rf.443b36939fe4355f2011e3c0e9bf75f6.jpg,Deep Scratch,"[341.7, 213.8, 427.4, 370.4]","[341.7, 213.8, 427.4, 370.4]",NORMAL_TIGHT,OK,PENDING_HUMAN_CONFIRMATION
deep_scratch_03_frame_20260504_010353_895335_jpg.rf.d339c892c6d1d0625aefec9eafc61439.jpg,Deep Scratch,"[502.4, 431.7, 590.5, 622.2]","[502.4, 431.7, 590.5, 622.2]",NORMAL_TIGHT,OK,PENDING_HUMAN_CONFIRMATION
deep_scratch_04_frame_20260504_001426_418414_jpg.rf.161c709ef1bd88450caf793a1dd2d5d2.jpg,Deep Scratch,"[150.0, 179.9, 300.0, 450.8]","[180.0, 234.1, 270.0, 396.6]",OVERSIZED_BOX (Encompasses clean background),HIGH,PENDING_HUMAN_CONFIRMATION
deep_scratch_04_frame_20260504_001426_418414_jpg.rf.161c709ef1bd88450caf793a1dd2d5d2.jpg,Slight Scratch,"[361.9, 254.0, 445.2, 366.1]","[361.9, 254.0, 445.2, 366.1]",NORMAL_TIGHT,OK,PENDING_HUMAN_CONFIRMATION
deep_scratch_04_frame_20260504_001426_418414_jpg.rf.161c709ef1bd88450caf793a1dd2d5d2.jpg,Deep Scratch,"[264.3, 687.8, 415.5, 776.7]","[264.3, 687.8, 415.5, 776.7]",NORMAL_TIGHT,OK,PENDING_HUMAN_CONFIRMATION
deep_scratch_05_frame_20260504_001427_194997_jpg.rf.c120e9b8ef8efb9d1278dbd5c44b0bbe.jpg,Deep Scratch,"[155.9, 167.2, 286.9, 427.5]","[182.1, 219.3, 260.7, 375.4]",OVERSIZED_BOX (Encompasses clean background),HIGH,PENDING_HUMAN_CONFIRMATION
deep_scratch_05_frame_20260504_001427_194997_jpg.rf.c120e9b8ef8efb9d1278dbd5c44b0bbe.jpg,Slight Scratch,"[361.9, 289.9, 425.0, 361.9]","[361.9, 289.9, 425.0, 361.9]",NORMAL_TIGHT,OK,PENDING_HUMAN_CONFIRMATION
deep_scratch_05_frame_20260504_001427_194997_jpg.rf.c120e9b8ef8efb9d1278dbd5c44b0bbe.jpg,Slight Scratch,"[485.7, 455.0, 547.6, 505.8]","[485.7, 455.0, 547.6, 505.8]",NORMAL_TIGHT,OK,PENDING_HUMAN_CONFIRMATION
deep_scratch_06_frame_20260504_001428_139165_jpg.rf.6919eb4a4d94d18f19961c12d1b181cf.jpg,Deep Scratch,"[358.3, 237.0, 452.4, 366.1]","[358.3, 237.0, 452.4, 366.1]",NORMAL_TIGHT,OK,PENDING_HUMAN_CONFIRMATION
deep_scratch_07_frame_20260504_001428_997880_jpg.rf.ffb58c3abd33fdafd1b5bc9c71c4bf90.jpg,Deep Scratch,"[366.7, 245.5, 450.0, 368.3]","[366.7, 245.5, 450.0, 368.3]",NORMAL_TIGHT,OK,PENDING_HUMAN_CONFIRMATION
deep_scratch_08_frame_20260504_001430_293195_jpg.rf.72b04e3058dd21b8fa6af7fd40ad0261.jpg,Deep Scratch,"[370.2, 251.9, 454.8, 364.0]","[370.2, 251.9, 454.8, 364.0]",NORMAL_TIGHT,OK,PENDING_HUMAN_CONFIRMATION
deep_scratch_09_frame_20260504_001431_208607_jpg.rf.a0a3672eef9af93716af13a483dbd162.jpg,Deep Scratch,"[135.7, 163.0, 300.0, 438.1]","[168.6, 218.0, 267.1, 383.1]",OVERSIZED_BOX (Encompasses clean background),HIGH,PENDING_HUMAN_CONFIRMATION
deep_scratch_09_frame_20260504_001431_208607_jpg.rf.a0a3672eef9af93716af13a483dbd162.jpg,Deep Scratch,"[269.0, 670.9, 422.6, 768.2]","[269.0, 670.9, 422.6, 768.2]",NORMAL_TIGHT,OK,PENDING_HUMAN_CONFIRMATION
deep_scratch_10_frame_20260504_001432_273343_jpg.rf.40f508fad80025b65e6a826779a7ab93.jpg,Deep Scratch,"[276.2, 675.1, 416.7, 761.9]","[276.2, 675.1, 416.7, 761.9]",NORMAL_TIGHT,OK,PENDING_HUMAN_CONFIRMATION
deep_scratch_11_frame_20260504_001438_044448_jpg.rf.8f76c6fbc3935e0f25cec922cd082db7.jpg,Deep Scratch,"[136.9, 205.3, 295.2, 459.3]","[168.6, 256.1, 263.5, 408.5]",OVERSIZED_BOX (Encompasses clean background),HIGH,PENDING_HUMAN_CONFIRMATION
deep_scratch_12_frame_20260504_001439_991865_jpg.rf.e635d61d04b96eba5456a5dbbaf7132f.jpg,Deep Scratch,"[120.2, 201.1, 285.7, 465.6]","[153.3, 254.0, 252.6, 412.7]",OVERSIZED_BOX (Encompasses clean background),HIGH,PENDING_HUMAN_CONFIRMATION
deep_scratch_13_frame_20260504_001440_968717_jpg.rf.36cffe7128ee4282b86d411b03fb4a3c.jpg,Deep Scratch,"[239.3, 330.2, 434.5, 459.3]","[239.3, 330.2, 434.5, 459.3]",NORMAL_TIGHT,OK,PENDING_HUMAN_CONFIRMATION
deep_scratch_14_frame_20260504_001452_040040_jpg.rf.18d7d5655e4dd4ae51f2216eab0a746a.jpg,Deep Scratch,"[96.4, 188.4, 252.4, 491.0]","[127.6, 248.9, 221.2, 430.5]",OVERSIZED_BOX (Encompasses clean background),HIGH,PENDING_HUMAN_CONFIRMATION
deep_scratch_15_frame_20260504_001455_947952_jpg.rf.a59f4518711a13185bc4b021c761c130.jpg,Deep Scratch,"[183.3, 397.9, 429.8, 524.9]","[232.6, 423.3, 380.5, 499.5]",OVERSIZED_BOX (Encompasses clean background),HIGH,PENDING_HUMAN_CONFIRMATION
deep_scratch_16_frame_20260504_001506_993389_jpg.rf.7db8d527c44990b90771d9997fcef3d0.jpg,Deep Scratch,"[73.8, 218.0, 219.0, 535.5]","[102.8, 281.5, 190.0, 472.0]",OVERSIZED_BOX (Encompasses clean background),HIGH,PENDING_HUMAN_CONFIRMATION
deep_scratch_17_frame_20260504_001510_983327_jpg.rf.2915bf7adf223fdb0459ef0f829ab6f5.jpg,Deep Scratch,"[164.3, 486.8, 382.1, 582.0]","[164.3, 486.8, 382.1, 582.0]",NORMAL_TIGHT,OK,PENDING_HUMAN_CONFIRMATION
deep_scratch_18_frame_20260504_001530_072063_jpg.rf.f4c1202042ea105fc6517cd283fdcc3c.jpg,Deep Scratch,"[170.2, 173.5, 435.7, 328.1]","[223.3, 204.4, 382.6, 297.2]",OVERSIZED_BOX (Encompasses clean background),HIGH,PENDING_HUMAN_CONFIRMATION
deep_scratch_19_frame_20260504_001545_043138_jpg.rf.a204ab3dbdb152a48315b19067e521d8.jpg,Deep Scratch,"[196.4, 249.7, 473.8, 412.7]","[251.9, 282.3, 418.3, 380.1]",OVERSIZED_BOX (Encompasses clean background),HIGH,PENDING_HUMAN_CONFIRMATION
deep_scratch_20_frame_20260504_001600_027709_jpg.rf.365e507d864b730408367403afe69659.jpg,Deep Scratch,"[229.8, 364.0, 457.1, 493.1]","[229.8, 364.0, 457.1, 493.1]",NORMAL_TIGHT,OK,PENDING_HUMAN_CONFIRMATION
deep_scratch_21_frame_20260504_002347_704094_jpg.rf.5928463527010388c391e40919e8c784.jpg,Deep Scratch,"[273.8, 342.9, 472.6, 461.4]","[273.8, 342.9, 472.6, 461.4]",NORMAL_TIGHT,OK,PENDING_HUMAN_CONFIRMATION
deep_scratch_22_frame_20260504_002452_150649_jpg.rf.5bb4b8d3d8b40fd75e1b4abdf487be92.jpg,Deep Scratch,"[260.7, 228.6, 473.8, 370.4]","[303.3, 257.0, 431.2, 342.0]",OVERSIZED_BOX (Encompasses clean background),HIGH,PENDING_HUMAN_CONFIRMATION
deep_scratch_23_frame_20260504_004417_338750_jpg.rf.020265f2aa7ade05c47663b04a049fee.jpg,Deep Scratch,"[340.5, 8.5, 533.3, 127.0]","[340.5, 8.5, 533.3, 127.0]",NORMAL_TIGHT,OK,PENDING_HUMAN_CONFIRMATION
deep_scratch_24_frame_20260504_004419_135670_jpg.rf.ee9bd7158c50245cb4253366baea415c.jpg,Deep Scratch,"[334.5, 21.2, 502.4, 120.6]","[334.5, 21.2, 502.4, 120.6]",NORMAL_TIGHT,OK,PENDING_HUMAN_CONFIRMATION
deep_scratch_25_frame_20260504_004420_087646_jpg.rf.1c1176d8ecef1134f80421b038c9e810.jpg,Deep Scratch,"[353.6, 29.6, 526.2, 116.4]","[353.6, 29.6, 526.2, 116.4]",NORMAL_TIGHT,OK,PENDING_HUMAN_CONFIRMATION
deep_scratch_26_frame_20260504_004427_979748_jpg.rf.73625f18ced5a5540d1146b85bc57ff0.jpg,Deep Scratch,"[367.9, 31.8, 496.4, 114.3]","[367.9, 31.8, 496.4, 114.3]",NORMAL_TIGHT,OK,PENDING_HUMAN_CONFIRMATION
deep_scratch_27_frame_20260504_004437_949566_jpg.rf.b37247f8d50fb96426e555de8ce4a54a.jpg,Deep Scratch,"[315.5, 510.1, 456.0, 687.8]","[315.5, 510.1, 456.0, 687.8]",NORMAL_TIGHT,OK,PENDING_HUMAN_CONFIRMATION
deep_scratch_28_frame_20260504_004438_972477_jpg.rf.58f1cebf3528df4db37a28de5f69f95a.jpg,Deep Scratch,"[191.7, 258.2, 581.0, 353.4]","[269.6, 277.2, 503.1, 334.4]",OVERSIZED_BOX (Encompasses clean background),HIGH,PENDING_HUMAN_CONFIRMATION
deep_scratch_29_frame_20260504_004451_049861_jpg.rf.a69f79979dcd2b1a492471f623b10c32.jpg,Deep Scratch,"[350.0, 198.9, 439.3, 431.7]","[350.0, 198.9, 439.3, 431.7]",NORMAL_TIGHT,OK,PENDING_HUMAN_CONFIRMATION
deep_scratch_30_frame_20260504_004452_003492_jpg.rf.8602d4540bc0afb1fc8d94c599037e0f.jpg,Deep Scratch,"[539.3, 122.8, 594.0, 355.6]","[539.3, 122.8, 594.0, 355.6]",NORMAL_TIGHT,OK,PENDING_HUMAN_CONFIRMATION
longitudinal_tear_01_frame_20260504_001509_988740_jpg.rf.03c9d782be7db917b7aaca7aeb339782.jpg,Longitudinal Tear,"[258.3, 313.2, 388.1, 495.2]","[258.3, 313.2, 388.1, 495.2]",NORMAL_TIGHT,OK,PENDING_HUMAN_CONFIRMATION
longitudinal_tear_02_frame_20260504_001614_049752_jpg.rf.4f4263eb05be3c5dd2b42729460aa66e.jpg,Longitudinal Tear,"[338.1, 287.8, 477.4, 520.6]","[366.0, 334.4, 449.5, 474.0]",OVERSIZED_BOX (Encompasses clean background),HIGH,PENDING_HUMAN_CONFIRMATION
longitudinal_tear_03_frame_20260504_001441_961350_jpg.rf.aebad6485a90033e8aafb8473b255733.jpg,Longitudinal Tear,"[523.8, 548.1, 570.2, 776.7]","[523.8, 548.1, 570.2, 776.7]",NORMAL_TIGHT,OK,PENDING_HUMAN_CONFIRMATION
longitudinal_tear_03_frame_20260504_001441_961350_jpg.rf.aebad6485a90033e8aafb8473b255733.jpg,Normal Belt,"[192.9, 156.6, 692.9, 317.5]","[192.9, 156.6, 692.9, 317.5]",NORMAL_TIGHT,OK,PENDING_HUMAN_CONFIRMATION
longitudinal_tear_04_frame_20260504_001442_973718_jpg.rf.90d4f9f9ea14388c79734122d099959d.jpg,Longitudinal Tear,"[321.4, 306.9, 559.5, 539.7]","[369.0, 353.5, 511.9, 493.1]",OVERSIZED_BOX (Encompasses clean background),HIGH,PENDING_HUMAN_CONFIRMATION
longitudinal_tear_05_frame_20260504_001446_073037_jpg.rf.41a1e03f738daaea4fa37ef8e77b8514.jpg,Longitudinal Tear,"[556.0, 42.3, 640.5, 556.6]","[572.9, 145.2, 623.6, 453.7]",OVERSIZED_BOX (Encompasses clean background),HIGH,PENDING_HUMAN_CONFIRMATION
longitudinal_tear_06_frame_20260504_001458_186179_jpg.rf.45c9d9611e5b70db947eea4e15b0ee40.jpg,Longitudinal Tear,"[334.5, 349.2, 509.5, 539.7]","[369.5, 387.3, 474.5, 501.6]",OVERSIZED_BOX (Encompasses clean background),HIGH,PENDING_HUMAN_CONFIRMATION
longitudinal_tear_07_frame_20260504_001500_986995_jpg.rf.137e077228e57924f663b0fc7ab37f2c.jpg,Longitudinal Tear,"[513.1, 105.8, 629.8, 590.5]","[536.4, 202.7, 606.5, 493.6]",OVERSIZED_BOX (Encompasses clean background),HIGH,PENDING_HUMAN_CONFIRMATION
longitudinal_tear_08_frame_20260504_001513_018302_jpg.rf.f7516e8158c1e059f9d729290f1cadd1.jpg,Longitudinal Tear,"[282.1, 416.9, 486.9, 601.1]","[323.1, 453.7, 445.9, 564.3]",OVERSIZED_BOX (Encompasses clean background),HIGH,PENDING_HUMAN_CONFIRMATION
longitudinal_tear_09_frame_20260504_001516_192421_jpg.rf.47ba6e82dc7c892129965266c47dab0f.jpg,Longitudinal Tear,"[504.8, 188.4, 611.9, 643.4]","[526.2, 279.4, 590.5, 552.4]",OVERSIZED_BOX (Encompasses clean background),HIGH,PENDING_HUMAN_CONFIRMATION
longitudinal_tear_10_frame_20260504_001530_996480_jpg.rf.79076124b49cc1e78d71bf932343f671.jpg,Longitudinal Tear,"[511.9, 421.2, 615.5, 749.2]","[532.6, 486.8, 594.8, 683.6]",OVERSIZED_BOX (Encompasses clean background),HIGH,PENDING_HUMAN_CONFIRMATION
longitudinal_tear_11_frame_20260504_001532_107976_jpg.rf.e2256b7b504ab5419bc49e378fe15c04.jpg,Longitudinal Tear,"[339.3, 72.0, 586.9, 387.3]","[388.8, 135.1, 537.4, 324.2]",OVERSIZED_BOX (Encompasses clean background),HIGH,PENDING_HUMAN_CONFIRMATION
longitudinal_tear_12_frame_20260504_001544_003810_jpg.rf.c1c19fbf1fe20e1fa38152a624690169.jpg,Longitudinal Tear,"[302.4, 38.1, 447.6, 289.9]","[331.4, 88.5, 418.6, 239.5]",OVERSIZED_BOX (Encompasses clean background),HIGH,PENDING_HUMAN_CONFIRMATION
longitudinal_tear_13_frame_20260504_001547_038102_jpg.rf.308d6a3ba2b03895f1128f376357827f.jpg,Longitudinal Tear,"[288.1, 177.8, 597.6, 499.5]","[350.0, 242.1, 535.7, 435.2]",OVERSIZED_BOX (Encompasses clean background),HIGH,PENDING_HUMAN_CONFIRMATION
longitudinal_tear_14_frame_20260504_001550_044144_jpg.rf.691e57613f81c56eb9e6314e8cef8683.jpg,Normal Belt,"[364.3, 78.3, 482.1, 376.7]","[364.3, 78.3, 482.1, 376.7]",NORMAL_TIGHT,OK,PENDING_HUMAN_CONFIRMATION
longitudinal_tear_14_frame_20260504_001550_044144_jpg.rf.691e57613f81c56eb9e6314e8cef8683.jpg,Longitudinal Tear,"[608.3, 72.0, 666.7, 520.6]","[608.3, 72.0, 666.7, 520.6]",NORMAL_TIGHT,OK,PENDING_HUMAN_CONFIRMATION
longitudinal_tear_15_frame_20260504_001601_041886_jpg.rf.f8ad1b0f8eca3614278a63395963fd7d.jpg,Longitudinal Tear,"[541.7, 565.1, 597.6, 800.0]","[541.7, 565.1, 597.6, 800.0]",NORMAL_TIGHT,OK,PENDING_HUMAN_CONFIRMATION
longitudinal_tear_16_frame_20260504_001602_072948_jpg.rf.c245a05622b0a5eab12c30f035d11e42.jpg,Longitudinal Tear,"[320.2, 298.4, 579.8, 531.2]","[372.1, 345.0, 527.9, 484.6]",OVERSIZED_BOX (Encompasses clean background),HIGH,PENDING_HUMAN_CONFIRMATION
longitudinal_tear_17_frame_20260504_001605_302441_jpg.rf.1a361e38a220be83117f3c8fdb5b9066.jpg,Longitudinal Tear,"[585.7, 91.0, 696.4, 586.2]","[607.8, 190.0, 674.3, 487.2]",OVERSIZED_BOX (Encompasses clean background),HIGH,PENDING_HUMAN_CONFIRMATION
longitudinal_tear_18_frame_20260504_002333_709096_jpg.rf.dd645c0a70d10493d9f0d56615478629.jpg,Longitudinal Tear,"[384.5, 706.9, 490.5, 780.9]","[384.5, 706.9, 490.5, 780.9]",NORMAL_TIGHT,OK,PENDING_HUMAN_CONFIRMATION
longitudinal_tear_19_frame_20260504_002334_688567_jpg.rf.1151e52fa3ad0ff7ad711438a01f4ee3.jpg,Longitudinal Tear,"[348.8, 677.3, 501.2, 789.4]","[348.8, 677.3, 501.2, 789.4]",NORMAL_TIGHT,OK,PENDING_HUMAN_CONFIRMATION
longitudinal_tear_19_frame_20260504_002334_688567_jpg.rf.1151e52fa3ad0ff7ad711438a01f4ee3.jpg,Slight Scratch,"[365.5, 57.1, 460.7, 203.2]","[365.5, 57.1, 460.7, 203.2]",NORMAL_TIGHT,OK,PENDING_HUMAN_CONFIRMATION
longitudinal_tear_20_frame_20260504_002335_732681_jpg.rf.d3e61a9888ef2b6ba2309574f5e732f5.jpg,Normal Belt,"[292.9, 260.3, 563.1, 349.2]","[292.9, 260.3, 563.1, 349.2]",NORMAL_TIGHT,OK,PENDING_HUMAN_CONFIRMATION
longitudinal_tear_20_frame_20260504_002335_732681_jpg.rf.d3e61a9888ef2b6ba2309574f5e732f5.jpg,Longitudinal Tear,"[391.7, 702.6, 488.1, 751.3]","[391.7, 702.6, 488.1, 751.3]",NORMAL_TIGHT,OK,PENDING_HUMAN_CONFIRMATION
longitudinal_tear_21_frame_20260504_002346_693302_jpg.rf.84b51e397889636ea10532bf918b10eb.jpg,Longitudinal Tear,"[367.9, 194.7, 491.7, 378.8]","[367.9, 194.7, 491.7, 378.8]",NORMAL_TIGHT,OK,PENDING_HUMAN_CONFIRMATION
longitudinal_tear_22_frame_20260504_002348_694508_jpg.rf.49c978eab7c0ec720525abcdb41a905a.jpg,Longitudinal Tear,"[514.3, 491.0, 569.0, 757.7]","[514.3, 491.0, 569.0, 757.7]",NORMAL_TIGHT,OK,PENDING_HUMAN_CONFIRMATION
longitudinal_tear_23_frame_20260504_002349_703193_jpg.rf.95599bf96798561ecbb62f89c41e02fd.jpg,Longitudinal Tear,"[401.2, 300.5, 557.1, 427.5]","[401.2, 300.5, 557.1, 427.5]",NORMAL_TIGHT,OK,PENDING_HUMAN_CONFIRMATION
longitudinal_tear_24_frame_20260504_002352_724720_jpg.rf.f92cef07d4028fdc11eaee588ba359b9.jpg,Longitudinal Tear,"[548.8, 112.2, 661.9, 497.3]","[571.4, 189.2, 639.3, 420.3]",OVERSIZED_BOX (Encompasses clean background),HIGH,PENDING_HUMAN_CONFIRMATION
longitudinal_tear_25_frame_20260504_002400_805702_jpg.rf.2e9b33f857a2f2388896b954a3dcacdc.jpg,Normal Belt,"[260.7, 213.8, 553.6, 400.0]","[260.7, 213.8, 553.6, 400.0]",NORMAL_TIGHT,OK,PENDING_HUMAN_CONFIRMATION
longitudinal_tear_25_frame_20260504_002400_805702_jpg.rf.2e9b33f857a2f2388896b954a3dcacdc.jpg,Longitudinal Tear,"[370.2, 656.1, 490.5, 745.0]","[370.2, 656.1, 490.5, 745.0]",NORMAL_TIGHT,OK,PENDING_HUMAN_CONFIRMATION
longitudinal_tear_26_frame_20260504_002401_714369_jpg.rf.d43df3b2eaf6df3ae01745c6530b7869.jpg,Longitudinal Tear,"[367.9, 296.3, 446.4, 499.5]","[367.9, 296.3, 446.4, 499.5]",NORMAL_TIGHT,OK,PENDING_HUMAN_CONFIRMATION
longitudinal_tear_27_frame_20260504_002404_723887_jpg.rf.b84fe2f481e74c66ff01cfb0ce118572.jpg,Longitudinal Tear,"[370.2, 383.1, 533.3, 537.6]","[370.2, 383.1, 533.3, 537.6]",NORMAL_TIGHT,OK,PENDING_HUMAN_CONFIRMATION
longitudinal_tear_28_frame_20260504_002407_724847_jpg.rf.d50408168af6d073c0a39ed77110132c.jpg,Longitudinal Tear,"[544.0, 234.9, 627.4, 577.8]","[544.0, 234.9, 627.4, 577.8]",NORMAL_TIGHT,OK,PENDING_HUMAN_CONFIRMATION
longitudinal_tear_29_frame_20260504_002422_730793_jpg.rf.cb5fc4c97565b782ae4c5776fb3ea026.jpg,Longitudinal Tear,"[540.5, 213.8, 641.7, 531.2]","[560.7, 277.3, 621.5, 467.7]",OVERSIZED_BOX (Encompasses clean background),HIGH,PENDING_HUMAN_CONFIRMATION
longitudinal_tear_30_frame_20260504_002434_835725_jpg.rf.3de390eb41e6b433c78d46b85711320c.jpg,Longitudinal Tear,"[369.0, 520.6, 532.1, 594.7]","[369.0, 520.6, 532.1, 594.7]",NORMAL_TIGHT,OK,PENDING_HUMAN_CONFIRMATION
slight_scratch_01_frame_20260504_005333_580647_jpg.rf.733f8a7857837c2cd635cf0377d0bb8d.jpg,Slight Scratch,"[471.4, 429.6, 546.4, 548.1]","[471.4, 429.6, 546.4, 548.1]",NORMAL_TIGHT,OK,PENDING_HUMAN_CONFIRMATION
slight_scratch_02_frame_20260504_005841_669567_jpg.rf.3fd04fd5405cc984bf43bcfe6c6ab419.jpg,Slight Scratch,"[455.9, 582.0, 533.3, 662.4]","[455.9, 582.0, 533.3, 662.4]",NORMAL_TIGHT,OK,PENDING_HUMAN_CONFIRMATION
slight_scratch_03_frame_20260504_005842_678301_jpg.rf.375ec8311467a5f68cec5c5ab10a9719.jpg,Slight Scratch,"[309.5, 522.7, 389.3, 609.5]","[309.5, 522.7, 389.3, 609.5]",NORMAL_TIGHT,OK,PENDING_HUMAN_CONFIRMATION
slight_scratch_04_frame_20260504_005913_708942_jpg.rf.de54908c81e5e744e12851844dacbb41.jpg,Slight Scratch,"[509.5, 361.9, 629.8, 478.3]","[509.5, 361.9, 629.8, 478.3]",NORMAL_TIGHT,OK,PENDING_HUMAN_CONFIRMATION
slight_scratch_05_frame_20260504_010346_903311_jpg.rf.4f4bec097d753052698e826f0fe66281.jpg,Slight Scratch,"[486.9, 491.0, 558.3, 605.3]","[486.9, 491.0, 558.3, 605.3]",NORMAL_TIGHT,OK,PENDING_HUMAN_CONFIRMATION
slight_scratch_06_frame_20260504_001506_013874_jpg.rf.505f8f14ab8c2fd9a7fa0609dcc8f890.jpg,Slight Scratch,"[271.4, 342.9, 446.4, 486.8]","[271.4, 342.9, 446.4, 486.8]",NORMAL_TIGHT,OK,PENDING_HUMAN_CONFIRMATION
slight_scratch_07_frame_20260504_001508_000036_jpg.rf.efb61e2418a00773b1f1ece1ade28d53.jpg,Slight Scratch,"[264.3, 194.7, 363.1, 340.7]","[264.3, 194.7, 363.1, 340.7]",NORMAL_TIGHT,OK,PENDING_HUMAN_CONFIRMATION
slight_scratch_08_frame_20260504_001556_054329_jpg.rf.be72c461d23c71e9a1bbf6f247c5de1e.jpg,Slight Scratch,"[353.6, 215.9, 467.9, 319.6]","[353.6, 215.9, 467.9, 319.6]",NORMAL_TIGHT,OK,PENDING_HUMAN_CONFIRMATION
slight_scratch_09_frame_20260504_002357_706435_jpg.rf.d832e83050f6ecd76d7b9d2a3e933c87.jpg,Slight Scratch,"[384.5, 279.4, 489.3, 404.2]","[384.5, 279.4, 489.3, 404.2]",NORMAL_TIGHT,OK,PENDING_HUMAN_CONFIRMATION
slight_scratch_10_frame_20260504_002359_717757_jpg.rf.62d5259233ef832813a943c301a5a014.jpg,Slight Scratch,"[351.2, 137.6, 452.4, 279.4]","[351.2, 137.6, 452.4, 279.4]",NORMAL_TIGHT,OK,PENDING_HUMAN_CONFIRMATION
slight_scratch_11_frame_20260504_002432_760097_jpg.rf.3c7e098a361a24b3487ba55e392faf4e.jpg,Slight Scratch,"[261.9, 520.6, 442.9, 670.9]","[261.9, 520.6, 442.9, 670.9]",NORMAL_TIGHT,OK,PENDING_HUMAN_CONFIRMATION
slight_scratch_12_frame_20260504_004432_961191_jpg.rf.3d345c7e243dc6d4805602b88c894e53.jpg,Slight Scratch,"[498.8, 503.7, 528.6, 658.2]","[498.8, 503.7, 528.6, 658.2]",NORMAL_TIGHT,OK,PENDING_HUMAN_CONFIRMATION
slight_scratch_13_frame_20260504_004447_974224_jpg.rf.c2a90542747a571732118a90f30d442a.jpg,Slight Scratch,"[486.9, 482.5, 538.1, 654.0]","[486.9, 482.5, 538.1, 654.0]",NORMAL_TIGHT,OK,PENDING_HUMAN_CONFIRMATION
slight_scratch_14_frame_20260504_005312_597339_jpg.rf.a44b1aa378f5d2b4ebf83a5cca6e04e8.jpg,Slight Scratch,"[350.0, 150.3, 450.0, 218.0]","[350.0, 150.3, 450.0, 218.0]",NORMAL_TIGHT,OK,PENDING_HUMAN_CONFIRMATION
slight_scratch_14_frame_20260504_005312_597339_jpg.rf.a44b1aa378f5d2b4ebf83a5cca6e04e8.jpg,Deep Scratch,"[356.0, 427.5, 451.2, 613.8]","[356.0, 427.5, 451.2, 613.8]",NORMAL_TIGHT,OK,PENDING_HUMAN_CONFIRMATION
slight_scratch_15_frame_20260504_005313_848486_jpg.rf.20d810f340187d4069e35af5bd3eb2d1.jpg,Slight Scratch,"[490.5, 713.2, 600.0, 770.4]","[490.5, 713.2, 600.0, 770.4]",NORMAL_TIGHT,OK,PENDING_HUMAN_CONFIRMATION
slight_scratch_16_frame_20260504_005339_583958_jpg.rf.918574edca4582dbd81a046a707ff793.jpg,Slight Scratch,"[346.4, 152.4, 445.2, 402.1]","[346.4, 152.4, 445.2, 402.1]",NORMAL_TIGHT,OK,PENDING_HUMAN_CONFIRMATION
slight_scratch_17_frame_20260504_005843_685632_jpg.rf.af8684afd05fee0dfc14c57a73a4108c.jpg,Slight Scratch,"[525.0, 36.0, 563.1, 163.0]","[525.0, 36.0, 563.1, 163.0]",NORMAL_TIGHT,OK,PENDING_HUMAN_CONFIRMATION
slight_scratch_18_frame_20260504_005846_706580_jpg.rf.07e149f632e9ae44d4e1fe7f60f6b433.jpg,Slight Scratch,"[307.1, 535.4, 386.9, 601.1]","[307.1, 535.4, 386.9, 601.1]",NORMAL_TIGHT,OK,PENDING_HUMAN_CONFIRMATION
slight_scratch_19_frame_20260504_005859_691526_jpg.rf.16be485b24e0c02f9dbdf805fda50ad6.jpg,Slight Scratch,"[280.9, 239.1, 303.6, 334.4]","[280.9, 239.1, 303.6, 334.4]",NORMAL_TIGHT,OK,PENDING_HUMAN_CONFIRMATION
slight_scratch_19_frame_20260504_005859_691526_jpg.rf.16be485b24e0c02f9dbdf805fda50ad6.jpg,Slight Scratch,"[339.3, 410.6, 385.7, 510.0]","[339.3, 410.6, 385.7, 510.0]",NORMAL_TIGHT,OK,PENDING_HUMAN_CONFIRMATION
slight_scratch_20_frame_20260504_005905_744834_jpg.rf.e27346feab1dfbe40eecfb4b21ab8616.jpg,Slight Scratch,"[313.1, 433.9, 361.9, 493.1]","[313.1, 433.9, 361.9, 493.1]",NORMAL_TIGHT,OK,PENDING_HUMAN_CONFIRMATION
slight_scratch_21_frame_20260504_005907_777469_jpg.rf.af950e414e3cd620f574bfa46cb5c1b8.jpg,Slight Scratch,"[472.6, 243.4, 542.9, 380.9]","[472.6, 243.4, 542.9, 380.9]",NORMAL_TIGHT,OK,PENDING_HUMAN_CONFIRMATION
slight_scratch_22_frame_20260504_005910_724374_jpg.rf.a060ff08e8a8c698794022c8b7d7248f.jpg,Slight Scratch,"[479.8, 298.4, 529.8, 505.8]","[479.8, 298.4, 529.8, 505.8]",NORMAL_TIGHT,OK,PENDING_HUMAN_CONFIRMATION
slight_scratch_23_frame_20260504_005917_695686_jpg.rf.e5dc31b5f1ed15ff5da16534f7113318.jpg,Slight Scratch,"[347.6, 103.7, 438.1, 207.4]","[347.6, 103.7, 438.1, 207.4]",NORMAL_TIGHT,OK,PENDING_HUMAN_CONFIRMATION
slight_scratch_24_frame_20260504_005926_761019_jpg.rf.8280908a6c0ac3ffa071efc2e8343f6b.jpg,Slight Scratch,"[346.4, 135.4, 445.2, 275.1]","[346.4, 135.4, 445.2, 275.1]",NORMAL_TIGHT,OK,PENDING_HUMAN_CONFIRMATION
slight_scratch_25_frame_20260504_005927_727732_jpg.rf.3a1cf2027dd593f74378677517261659.jpg,Slight Scratch,"[444.0, 192.6, 567.9, 306.9]","[444.0, 192.6, 567.9, 306.9]",NORMAL_TIGHT,OK,PENDING_HUMAN_CONFIRMATION
slight_scratch_26_frame_20260504_005928_792853_jpg.rf.8dde107f4396585bdc983bd3f503670d.jpg,Slight Scratch,"[266.7, 296.3, 376.2, 376.7]","[266.7, 296.3, 376.2, 376.7]",NORMAL_TIGHT,OK,PENDING_HUMAN_CONFIRMATION
slight_scratch_27_frame_20260504_005943_009049_jpg.rf.88245a5a32413aac146d4dd05331b072.jpg,Slight Scratch,"[448.8, 273.0, 534.5, 374.6]","[448.8, 273.0, 534.5, 374.6]",NORMAL_TIGHT,OK,PENDING_HUMAN_CONFIRMATION
slight_scratch_28_frame_20260504_005944_005080_jpg.rf.a3f6ca620fd76b2dbd699ab7754ae5a2.jpg,Slight Scratch,"[259.5, 334.4, 353.6, 406.3]","[259.5, 334.4, 353.6, 406.3]",NORMAL_TIGHT,OK,PENDING_HUMAN_CONFIRMATION
slight_scratch_29_frame_20260504_005947_023684_jpg.rf.c70e8cab68d4f78073862faeaad69a9b.jpg,Slight Scratch,"[241.7, 332.3, 291.7, 459.3]","[241.7, 332.3, 291.7, 459.3]",NORMAL_TIGHT,OK,PENDING_HUMAN_CONFIRMATION
slight_scratch_30_frame_20260504_005947_983602_jpg.rf.c7d7b049efca1ebde1fdc4bddf162778.jpg,Slight Scratch,"[335.7, 237.0, 426.2, 328.0]","[335.7, 237.0, 426.2, 328.0]",NORMAL_TIGHT,OK,PENDING_HUMAN_CONFIRMATION
