image,directory,predicted_class,status
frame_00002_jpg.rf.5e28130cc2199a50e3b0fdc3d2e38885.jpg,real_world_test,unknown,CLASSIFIED
frame_00003_jpg.rf.49968cb55095c8b650a32b4de9b866a4.jpg,real_world_test,unknown,CLASSIFIED
frame_00005_jpg.rf.0a13708ad0e588d678226308cacc8c9b.jpg,real_world_test,unknown,CLASSIFIED
frame_00007_jpg.rf.fc0f5aff005d781418faaa297ff2471c.jpg,real_world_test,unknown,CLASSIFIED
frame_00012_jpg.rf.0bccc92f2975e1b5d666489e29c08648.jpg,real_world_test,unknown,CLASSIFIED
frame_00015_jpg.rf.8130d85e915ded4d5e29721b9dda2ff3.jpg,real_world_test,unknown,CLASSIFIED
frame_00019_jpg.rf.c9d90cbe0a1e82afbccd085d19bd1cae.jpg,real_world_test,unknown,CLASSIFIED
frame_00021_jpg.rf.6831210c001ea5ff0d9b88a309b62f97.jpg,real_world_test,unknown,CLASSIFIED
frame_00024_jpg.rf.40676e62568fb1c96b30338f08050897.jpg,real_world_test,unknown,CLASSIFIED
frame_00035_jpg.rf.cfcbd4ea3415701965f8fedda293fb50.jpg,real_world_test,unknown,CLASSIFIED
frame_00043_jpg.rf.18a2450e12175f4369c1a958dc52304b.jpg,real_world_test,unknown,CLASSIFIED
frame_00045_jpg.rf.1ad7ac3267692d24b90701ef60772951.jpg,real_world_test,unknown,CLASSIFIED
frame_00002_jpg.rf.5e28130cc2199a50e3b0fdc3d2e38885.jpg,golden_test_images,unknown,CLASSIFIED
frame_00003_jpg.rf.49968cb55095c8b650a32b4de9b866a4.jpg,golden_test_images,unknown,CLASSIFIED
frame_00005_jpg.rf.0a13708ad0e588d678226308cacc8c9b.jpg,golden_test_images,unknown,CLASSIFIED
frame_00007_jpg.rf.fc0f5aff005d781418faaa297ff2471c.jpg,golden_test_images,unknown,CLASSIFIED
frame_00012_jpg.rf.0bccc92f2975e1b5d666489e29c08648.jpg,golden_test_images,unknown,CLASSIFIED
frame_00015_jpg.rf.8130d85e915ded4d5e29721b9dda2ff3.jpg,golden_test_images,unknown,CLASSIFIED
frame_00019_jpg.rf.c9d90cbe0a1e82afbccd085d19bd1cae.jpg,golden_test_images,unknown,CLASSIFIED
frame_00021_jpg.rf.6831210c001ea5ff0d9b88a309b62f97.jpg,golden_test_images,unknown,CLASSIFIED
frame_00024_jpg.rf.40676e62568fb1c96b30338f08050897.jpg,golden_test_images,unknown,CLASSIFIED
frame_00035_jpg.rf.cfcbd4ea3415701965f8fedda293fb50.jpg,golden_test_images,unknown,CLASSIFIED
frame_00043_jpg.rf.18a2450e12175f4369c1a958dc52304b.jpg,golden_test_images,unknown,CLASSIFIED
frame_00045_jpg.rf.1ad7ac3267692d24b90701ef60772951.jpg,golden_test_images,unknown,CLASSIFIED
belt_splice_1_frame_00002_jpg.rf.5e28130cc2199a50e3b0fdc3d2e38885.jpg,known_defect_tests,belt_splice,CLASSIFIED
belt_splice_2_frame_00003_jpg.rf.49968cb55095c8b650a32b4de9b866a4.jpg,known_defect_tests,belt_splice,CLASSIFIED
belt_splice_3_frame_00005_jpg.rf.0a13708ad0e588d678226308cacc8c9b.jpg,known_defect_tests,belt_splice,CLASSIFIED
belt_splice_4_frame_00012_jpg.rf.0bccc92f2975e1b5d666489e29c08648.jpg,known_defect_tests,belt_splice,CLASSIFIED
belt_splice_5_frame_00015_jpg.rf.8130d85e915ded4d5e29721b9dda2ff3.jpg,known_defect_tests,belt_splice,CLASSIFIED
deep_scratch_1_frame_00024_jpg.rf.40676e62568fb1c96b30338f08050897.jpg,known_defect_tests,deep_scratch,CLASSIFIED
deep_scratch_2_frame_00052_jpg.rf.28706526d8f19576dc058ac9629bc90a.jpg,known_defect_tests,deep_scratch,CLASSIFIED
deep_scratch_3_frame_00055_jpg.rf.21c7dbe8fddf9f4b645d945f63c435b2.jpg,known_defect_tests,deep_scratch,CLASSIFIED
deep_scratch_4_frame_00068_jpg.rf.7da2953212e752b7957050e8ee29e21a.jpg,known_defect_tests,deep_scratch,CLASSIFIED
deep_scratch_5_frame_00121_jpg.rf.35938fe6d80f1299c994e9cb2adbac77.jpg,known_defect_tests,deep_scratch,CLASSIFIED
longitudinal_tear_1_frame_00003_jpg.rf.49968cb55095c8b650a32b4de9b866a4.jpg,known_defect_tests,longitudinal_tear,CLASSIFIED
longitudinal_tear_2_frame_00007_jpg.rf.fc0f5aff005d781418faaa297ff2471c.jpg,known_defect_tests,longitudinal_tear,CLASSIFIED
longitudinal_tear_3_frame_00019_jpg.rf.c9d90cbe0a1e82afbccd085d19bd1cae.jpg,known_defect_tests,longitudinal_tear,CLASSIFIED
longitudinal_tear_4_frame_00024_jpg.rf.40676e62568fb1c96b30338f08050897.jpg,known_defect_tests,longitudinal_tear,CLASSIFIED
longitudinal_tear_5_frame_00043_jpg.rf.18a2450e12175f4369c1a958dc52304b.jpg,known_defect_tests,longitudinal_tear,CLASSIFIED
normal_belt_1_frame_00002_jpg.rf.5e28130cc2199a50e3b0fdc3d2e38885.jpg,known_defect_tests,healthy,CLASSIFIED
normal_belt_2_frame_00003_jpg.rf.49968cb55095c8b650a32b4de9b866a4.jpg,known_defect_tests,healthy,CLASSIFIED
normal_belt_3_frame_00012_jpg.rf.0bccc92f2975e1b5d666489e29c08648.jpg,known_defect_tests,healthy,CLASSIFIED
normal_belt_4_frame_00015_jpg.rf.8130d85e915ded4d5e29721b9dda2ff3.jpg,known_defect_tests,healthy,CLASSIFIED
normal_belt_5_frame_00019_jpg.rf.c9d90cbe0a1e82afbccd085d19bd1cae.jpg,known_defect_tests,healthy,CLASSIFIED
slight_scratch_1_frame_00012_jpg.rf.0bccc92f2975e1b5d666489e29c08648.jpg,known_defect_tests,deep_scratch,CLASSIFIED
slight_scratch_2_frame_00024_jpg.rf.40676e62568fb1c96b30338f08050897.jpg,known_defect_tests,deep_scratch,CLASSIFIED
slight_scratch_3_frame_00046_jpg.rf.9075689b3baa501f6d8d9f1d91930a32.jpg,known_defect_tests,deep_scratch,CLASSIFIED
slight_scratch_4_frame_00121_jpg.rf.35938fe6d80f1299c994e9cb2adbac77.jpg,known_defect_tests,deep_scratch,CLASSIFIED
slight_scratch_5_frame_00129_jpg.rf.7719d1d835cab947ea466cdf7469001a.jpg,known_defect_tests,deep_scratch,CLASSIFIED
