confidence,precision,recall,f1,false_positives,false_negatives,defect_recall,critical_defect_recall,status
0.1,0.5207,0.7583,0.6175,231,80,0.7583,0.9701,EVALUATED
0.15,0.604,0.7281,0.6603,158,90,0.7281,0.9627,EVALUATED
0.2,0.6743,0.713,0.6931,114,95,0.713,0.9627,EVALUATED
0.25,0.7102,0.6737,0.6915,91,108,0.6737,0.9403,OPTIMAL_OPERATING_POINT
0.3,0.7673,0.6375,0.6964,64,120,0.6375,0.9328,EVALUATED
0.35,0.8174,0.5952,0.6888,44,134,0.5952,0.8806,EVALUATED
0.4,0.8396,0.5378,0.6556,34,153,0.5378,0.8433,EVALUATED
0.45,0.8626,0.4743,0.6121,25,174,0.4743,0.806,EVALUATED
0.5,0.922,0.3927,0.5508,11,201,0.3927,0.6567,EVALUATED
0.55,0.8972,0.29,0.4384,11,235,0.29,0.5,EVALUATED
0.6,0.9241,0.2205,0.3561,6,258,0.2205,0.403,EVALUATED
0.65,0.9038,0.142,0.2454,5,284,0.142,0.2687,EVALUATED
0.7,0.9474,0.0544,0.1029,1,313,0.0544,0.0746,EVALUATED
