image_id,mean_luminance,standard_deviation,p10_brightness,p90_brightness,contrast_ratio,sharpness_laplacian_var,image_width,image_height,defect_pixel_dimensions
healthy_01_frame_20260504_001551_068015_jpg.rf.2eae1557a440a3106f20cad67bc9714f.jpg,118.89,32.14,90.0,159.0,1.77,92.32,800,800,301.2x319.6
healthy_02_frame_20260504_001606_073276_jpg.rf.4548423d7cd1e025f133c156c2ba2c5b.jpg,119.41,33.2,88.0,159.0,1.81,118.42,800,800,133.3x370.3
healthy_03_frame_20260504_001610_014236_jpg.rf.3eae5a7e3561521329e39c8bf75f3ab2.jpg,111.98,34.79,83.0,157.0,1.89,144.95,800,800,132.2x387.3
healthy_04_frame_20260504_003223_261865_jpg.rf.c57cb6c90f2306caa729815a699c3894.jpg,103.69,35.24,69.0,155.0,2.25,394.09,800,800,221.4x91.0
healthy_05_frame_20260504_003751_279429_jpg.rf.1d65e958909e76e16226a7b388d7f5e2.jpg,112.67,33.43,84.0,169.0,2.01,110.57,800,800,441.7x381.0
healthy_06_frame_20260504_004428_968516_jpg.rf.17abd8ef295655f2457393854b6f0f2c.jpg,101.86,36.13,74.0,155.0,2.09,104.24,800,800,231.0x86.8
healthy_07_frame_20260504_001443_963840_jpg.rf.791ffd9b275f42be102838619f9c3a4f.jpg,115.14,32.95,86.0,161.0,1.87,99.13,800,800,514.3x285.7
healthy_08_frame_20260504_001453_094795_jpg.rf.965b1f19600269ad921f53f2648c46a9.jpg,99.04,34.31,71.0,142.0,2.0,119.26,800,800,388.1x224.3
healthy_09_frame_20260504_001457_172954_jpg.rf.c14014192a520d1f9c41d3a31ef9b8e0.jpg,103.1,26.74,80.0,138.0,1.73,92.55,800,800,415.5x268.8
healthy_10_frame_20260504_001459_046383_jpg.rf.9e74d9fd5028709eff76c5804d3ffbc3.jpg,104.75,34.28,78.0,145.0,1.86,104.21,800,800,592.9x273.0
healthy_11_frame_20260504_001502_987492_jpg.rf.ea59c6a8e3d6142a6de006250a1f59ff.jpg,108.29,32.74,81.0,150.0,1.85,92.11,800,800,533.4x306.9
healthy_12_frame_20260504_001508_967870_jpg.rf.b7771161e87c3437f792f3e372614fa0.jpg,96.69,29.69,74.0,134.0,1.81,97.26,800,800,485.7x241.2
healthy_13_frame_20260504_001512_057324_jpg.rf.4c796b5db2f5f181c065f179bf92452e.jpg,87.37,28.51,66.0,114.0,1.73,86.32,800,800,450.0x237.0
healthy_14_frame_20260504_001514_079555_jpg.rf.37495c3e65cc5b3de1175ca91421b6fb.jpg,103.91,32.91,78.0,139.0,1.78,104.71,800,800,515.5x234.9
healthy_15_frame_20260504_001533_079628_jpg.rf.54a1f6294ab3d89ab46808bf151cbf93.jpg,117.4,29.6,90.0,155.0,1.72,112.22,800,800,247.6x416.9
healthy_16_frame_20260504_001536_052864_jpg.rf.67016407ef0efb81ee410788bcd28473.jpg,119.58,30.99,91.0,155.0,1.7,100.0,800,800,425.0x345.0
healthy_17_frame_20260504_001537_025726_jpg.rf.ec97a516259791d37b4e847ca318d5f5.jpg,118.99,31.68,90.0,161.0,1.79,101.51,800,800,454.8x143.9
healthy_18_frame_20260504_001546_021033_jpg.rf.ab254af675da1ec558b09b0ab306214b.jpg,112.29,28.41,87.0,145.0,1.67,95.37,800,800,385.7x182.0
healthy_19_frame_20260504_001548_002420_jpg.rf.546d4039eb67ad0fc551ffa6f7e6ecd1.jpg,116.58,30.55,89.0,157.0,1.76,84.18,800,800,219.0x264.5
healthy_20_frame_20260504_001552_051405_jpg.rf.fbe3c6f052dd7cd37e34610d9f0fb500.jpg,117.78,32.33,89.0,160.0,1.8,109.36,800,800,497.6x218.0
healthy_21_frame_20260504_001554_019290_jpg.rf.cca280432ec81191b9cd2866d2c093cc.jpg,113.03,37.03,84.0,156.0,1.86,89.38,800,800,180.9x416.9
healthy_22_frame_20260504_001557_041982_jpg.rf.9cde12a12079ac00cfbcc36a820f89bd.jpg,114.84,30.3,86.0,157.0,1.83,118.54,800,800,348.8x152.3
healthy_23_frame_20260504_001558_022123_jpg.rf.842536e8ea30804bb731c12ca4f9b32b.jpg,103.58,30.02,80.0,139.0,1.74,82.66,800,800,504.7x167.2
healthy_24_frame_20260504_001603_223753_jpg.rf.4eb1b8325d2139d1bc93d2ab51d84ce5.jpg,116.01,33.29,87.0,156.0,1.79,110.72,800,800,425.0x213.8
healthy_25_frame_20260504_001607_186712_jpg.rf.f609f97e2f2811e62ebc1df49d6f9dc8.jpg,117.41,33.87,88.0,162.0,1.84,125.26,800,800,433.3x254.0
healthy_26_frame_20260504_001609_085785_jpg.rf.564e198d7ed9f00b0a45420b33f61760.jpg,113.4,39.19,83.0,162.0,1.95,130.31,800,800,115.5x283.6
healthy_27_frame_20260504_001616_036004_jpg.rf.08ea1340e060373c2a43dd4fd6e5aa98.jpg,115.14,29.24,88.0,149.0,1.69,134.47,800,800,441.7x258.2
healthy_28_frame_20260504_002332_685934_jpg.rf.4ad06a701d2513465eb7824e282bba43.jpg,76.94,30.57,53.0,115.0,2.17,179.05,800,800,392.8x105.8
healthy_29_frame_20260504_002350_696874_jpg.rf.67afa279e2f7582b3f0d6e0188d0310a.jpg,104.18,39.35,73.0,157.0,2.15,119.8,800,800,116.7x156.6
healthy_30_frame_20260504_002353_727595_jpg.rf.883e0b18bed32b79e1da8bb4f922c11a.jpg,103.48,37.48,73.0,148.0,2.03,116.06,800,800,276.2x154.5
belt_splice_01_frame_20260504_001504_008469_jpg.rf.9d08b7e32f548664329b119f66d4611b.jpg,98.02,35.92,71.0,134.0,1.89,129.9,800,800,647.6x258.2
belt_splice_02_frame_20260504_001445_047434_jpg.rf.1fd76942948d19edb8efa98b10b9b4a5.jpg,107.17,34.9,80.0,147.0,1.84,110.59,800,800,521.5x222.2
belt_splice_03_frame_20260504_001448_939978_jpg.rf.7bf0c76ea72908b43a9992a6835b52fc.jpg,103.64,35.84,75.0,145.0,1.93,137.31,800,800,698.8x304.8
belt_splice_04_frame_20260504_001534_122536_jpg.rf.ccb51e749bead969d37c4cbeea5d6bcc.jpg,108.6,31.6,83.0,140.0,1.69,93.68,800,800,589.3x207.4
belt_splice_05_frame_20260504_001549_078762_jpg.rf.4c9b6a416fb4d0d4d54b9f63c4bc5d6f.jpg,110.24,32.29,84.0,147.0,1.75,119.64,800,800,554.8x228.6; 563.1x156.6
belt_splice_06_frame_20260504_001553_104920_jpg.rf.06910f1fa4eef6889b1ae7cbc7dfe8a1.jpg,114.81,33.84,86.0,158.0,1.84,164.56,800,800,713.1x317.5
belt_splice_07_frame_20260504_001608_041157_jpg.rf.895ce85f4da9544401e7c7ae81b135b4.jpg,106.59,33.51,80.0,149.0,1.86,175.84,800,800,664.2x290.0
belt_splice_08_frame_20260504_002351_721258_jpg.rf.61050ff5514265572a506e35b06ad461.jpg,106.71,40.25,75.0,156.0,2.08,148.58,800,800,427.4x124.9
belt_splice_09_frame_20260504_002355_717638_jpg.rf.9bd9227984df4f46c166e76263bddbd8.jpg,102.91,38.71,73.0,150.0,2.05,169.9,800,800,504.8x268.8
belt_splice_10_frame_20260504_002406_708018_jpg.rf.be4013cacfa2e012ff1421bd1bb97e7c.jpg,108.44,39.3,77.0,153.0,1.99,113.3,800,800,389.3x133.4
belt_splice_11_frame_20260504_002425_778323_jpg.rf.0e4735c4a839e8aee99776e79283029d.jpg,99.65,38.85,70.0,151.0,2.16,100.76,800,800,496.4x186.2
belt_splice_12_frame_20260504_002440_754928_jpg.rf.6f9273205dd81c9df04bb6a1b0ace422.jpg,97.98,37.0,69.0,143.0,2.07,61.84,800,800,473.8x196.8
belt_splice_13_frame_20260504_003738_264921_jpg.rf.a8283c19e4d32f8c511c4711a12e8069.jpg,108.36,35.61,79.0,167.0,2.11,114.16,800,800,542.8x264.6
belt_splice_14_frame_20260504_003749_285762_jpg.rf.52f0b53fab1f1fa2d768eea9abef141f.jpg,113.43,35.14,84.0,171.0,2.04,109.9,800,800,410.7x148.2
belt_splice_15_frame_20260504_003808_345436_jpg.rf.b9abac02d81ba7193d7fa9a0f6232ed7.jpg,109.0,36.08,78.0,166.0,2.13,126.7,800,800,516.7x171.4
belt_splice_16_frame_20260504_004430_979805_jpg.rf.dacc581a63b8ce684ff27593d3fe0494.jpg,100.42,32.91,77.0,146.0,1.9,130.27,800,800,529.7x211.7
belt_splice_17_frame_20260504_004445_970180_jpg.rf.69abb3f3ae45da9dd5b4a6b016d46a03.jpg,99.81,32.65,75.0,146.0,1.95,102.2,800,800,491.7x148.1
belt_splice_18_frame_20260504_004501_016110_jpg.rf.d77b1094a463b29f8e3528567e6a70cf.jpg,95.77,35.31,70.0,144.0,2.06,96.39,800,800,470.3x139.7
belt_splice_19_frame_20260504_005330_589754_jpg.rf.6f142fbbe3f8837691e961212edab5cb.jpg,91.56,42.96,61.0,141.0,2.31,98.31,800,800,380.9x114.3
belt_splice_20_frame_20260504_005334_600307_jpg.rf.6f10585afc985232388f418f857d52bb.jpg,88.35,41.43,56.0,134.0,2.39,97.08,800,800,473.8x143.9
belt_splice_21_frame_20260504_005904_878080_jpg.rf.76c89b60828324b9603a29c2d168f93d.jpg,93.57,43.6,41.0,144.0,3.51,85.59,800,800,436.9x184.1
belt_splice_22_frame_20260504_005908_880939_jpg.rf.839d54b4e0b9c456980aec1d6aaa735a.jpg,88.05,38.1,41.0,129.0,3.15,131.56,800,800,604.8x258.2
belt_splice_23_frame_20260504_005919_851039_jpg.rf.ea52f15c4114ff8fa5eee8d43110263a.jpg,100.45,42.52,66.0,151.0,2.29,107.54,800,800,444.0x182.0
belt_splice_24_frame_20260504_005923_721811_jpg.rf.640e9356565a774e647fadc2baf3cd6a.jpg,92.83,37.57,62.0,140.0,2.26,96.43,800,800,553.6x285.8
belt_splice_25_frame_20260504_005939_055585_jpg.rf.a0c6486814cba0df8df9eddbfc813679.jpg,92.94,37.8,64.0,144.0,2.25,84.32,800,800,500.0x198.9
belt_splice_26_frame_20260504_010001_005058_jpg.rf.7c329401c205a204bf6a9178329f2848.jpg,105.33,42.62,71.0,162.0,2.28,117.11,800,800,372.7x139.7
belt_splice_27_frame_20260504_010005_042922_jpg.rf.8e8f7ef5a02e465736fb7661a849fd26.jpg,94.4,37.78,65.0,146.0,2.25,82.94,800,800,497.6x211.6
belt_splice_28_frame_20260504_010016_019268_jpg.rf.2539841ae4c0e74bf8e48dab700db809.jpg,104.69,41.77,71.0,164.0,2.31,114.98,800,800,372.6x116.4
belt_splice_29_frame_20260504_010345_901782_jpg.rf.746a825b6596cd482a8b9c2b53e435a3.jpg,92.52,36.99,64.0,142.0,2.22,68.05,800,800,513.0x218.0
belt_splice_30_frame_20260504_010356_918602_jpg.rf.5b44d5c8beb9abaea665574af1f508dc.jpg,101.5,42.11,70.0,160.0,2.29,63.18,800,800,373.8x99.5; 178.6x273.0
deep_scratch_01_frame_20260504_005906_773257_jpg.rf.a5efba1b2b765512f9944b0d89dd10ec.jpg,94.14,35.39,45.0,138.0,3.07,101.3,800,800,121.4x63.5
deep_scratch_02_frame_20260504_005941_985035_jpg.rf.443b36939fe4355f2011e3c0e9bf75f6.jpg,104.46,38.58,73.0,158.0,2.16,123.14,800,800,85.7x156.6
deep_scratch_03_frame_20260504_010353_895335_jpg.rf.d339c892c6d1d0625aefec9eafc61439.jpg,97.22,35.29,68.0,145.0,2.13,67.28,800,800,88.1x190.5
deep_scratch_04_frame_20260504_001426_418414_jpg.rf.161c709ef1bd88450caf793a1dd2d5d2.jpg,62.16,27.97,42.0,92.0,2.19,69.35,800,800,150.0x270.9; 83.3x112.1; 151.2x88.9
deep_scratch_05_frame_20260504_001427_194997_jpg.rf.c120e9b8ef8efb9d1278dbd5c44b0bbe.jpg,65.77,29.8,43.0,97.0,2.26,104.88,800,800,131.0x260.3; 63.1x72.0; 61.9x50.8
deep_scratch_06_frame_20260504_001428_139165_jpg.rf.6919eb4a4d94d18f19961c12d1b181cf.jpg,69.87,30.92,47.0,102.0,2.17,112.24,800,800,94.1x129.1
deep_scratch_07_frame_20260504_001428_997880_jpg.rf.ffb58c3abd33fdafd1b5bc9c71c4bf90.jpg,72.41,31.99,48.0,106.0,2.21,138.8,800,800,83.3x122.8
deep_scratch_08_frame_20260504_001430_293195_jpg.rf.72b04e3058dd21b8fa6af7fd40ad0261.jpg,74.14,32.61,50.0,108.0,2.16,93.96,800,800,84.6x112.1
deep_scratch_09_frame_20260504_001431_208607_jpg.rf.a0a3672eef9af93716af13a483dbd162.jpg,77.39,33.65,52.0,112.0,2.15,157.46,800,800,164.3x275.1; 153.6x97.3
deep_scratch_10_frame_20260504_001432_273343_jpg.rf.40f508fad80025b65e6a826779a7ab93.jpg,79.96,34.7,54.0,116.0,2.15,183.36,800,800,140.5x86.8
deep_scratch_11_frame_20260504_001438_044448_jpg.rf.8f76c6fbc3935e0f25cec922cd082db7.jpg,94.13,37.56,65.0,135.0,2.08,269.68,800,800,158.3x254.0
deep_scratch_12_frame_20260504_001439_991865_jpg.rf.e635d61d04b96eba5456a5dbbaf7132f.jpg,105.8,35.73,76.0,146.0,1.92,269.0,800,800,165.5x264.5
deep_scratch_13_frame_20260504_001440_968717_jpg.rf.36cffe7128ee4282b86d411b03fb4a3c.jpg,107.83,35.8,80.0,148.0,1.85,124.25,800,800,195.2x129.1
deep_scratch_14_frame_20260504_001452_040040_jpg.rf.18d7d5655e4dd4ae51f2216eab0a746a.jpg,112.49,36.04,82.0,158.0,1.93,111.02,800,800,156.0x302.6
deep_scratch_15_frame_20260504_001455_947952_jpg.rf.a59f4518711a13185bc4b021c761c130.jpg,110.94,37.61,82.0,156.0,1.9,107.47,800,800,246.5x127.0
deep_scratch_16_frame_20260504_001506_993389_jpg.rf.7db8d527c44990b90771d9997fcef3d0.jpg,106.45,33.7,80.0,143.0,1.79,104.48,800,800,145.2x317.5
deep_scratch_17_frame_20260504_001510_983327_jpg.rf.2915bf7adf223fdb0459ef0f829ab6f5.jpg,105.42,37.51,77.0,146.0,1.9,95.53,800,800,217.8x95.2
deep_scratch_18_frame_20260504_001530_072063_jpg.rf.f4c1202042ea105fc6517cd283fdcc3c.jpg,118.31,34.9,89.0,159.0,1.79,104.72,800,800,265.5x154.6
deep_scratch_19_frame_20260504_001545_043138_jpg.rf.a204ab3dbdb152a48315b19067e521d8.jpg,120.46,34.95,92.0,163.0,1.77,126.16,800,800,277.4x163.0
deep_scratch_20_frame_20260504_001600_027709_jpg.rf.365e507d864b730408367403afe69659.jpg,117.02,36.0,88.0,161.0,1.83,98.59,800,800,227.3x129.1
deep_scratch_21_frame_20260504_002347_704094_jpg.rf.5928463527010388c391e40919e8c784.jpg,107.85,41.39,77.0,164.0,2.13,73.68,800,800,198.8x118.5
deep_scratch_22_frame_20260504_002452_150649_jpg.rf.5bb4b8d3d8b40fd75e1b4abdf487be92.jpg,102.41,37.37,73.0,144.0,1.97,70.76,800,800,213.1x141.8
deep_scratch_23_frame_20260504_004417_338750_jpg.rf.020265f2aa7ade05c47663b04a049fee.jpg,69.04,28.82,45.0,110.0,2.44,160.53,800,800,192.8x118.5
deep_scratch_24_frame_20260504_004419_135670_jpg.rf.ee9bd7158c50245cb4253366baea415c.jpg,76.72,31.41,50.0,121.0,2.42,193.6,800,800,167.9x99.4
deep_scratch_25_frame_20260504_004420_087646_jpg.rf.1c1176d8ecef1134f80421b038c9e810.jpg,81.14,32.58,54.0,128.0,2.37,200.37,800,800,172.6x86.8
deep_scratch_26_frame_20260504_004427_979748_jpg.rf.73625f18ced5a5540d1146b85bc57ff0.jpg,94.38,36.79,63.0,148.0,2.35,312.6,800,800,128.5x82.5
deep_scratch_27_frame_20260504_004437_949566_jpg.rf.b37247f8d50fb96426e555de8ce4a54a.jpg,105.56,37.5,76.0,163.0,2.14,90.55,800,800,140.5x177.7
deep_scratch_28_frame_20260504_004438_972477_jpg.rf.58f1cebf3528df4db37a28de5f69f95a.jpg,107.29,34.62,76.0,161.0,2.12,122.81,800,800,389.3x95.2
deep_scratch_29_frame_20260504_004451_049861_jpg.rf.a69f79979dcd2b1a492471f623b10c32.jpg,102.0,33.02,73.0,149.0,2.04,85.09,800,800,89.3x232.8
deep_scratch_30_frame_20260504_004452_003492_jpg.rf.8602d4540bc0afb1fc8d94c599037e0f.jpg,109.42,35.72,78.0,159.0,2.04,82.86,800,800,54.7x232.8
longitudinal_tear_01_frame_20260504_001509_988740_jpg.rf.03c9d782be7db917b7aaca7aeb339782.jpg,99.62,34.28,73.0,140.0,1.92,99.58,800,800,129.8x182.0
longitudinal_tear_02_frame_20260504_001614_049752_jpg.rf.4f4263eb05be3c5dd2b42729460aa66e.jpg,117.13,32.19,88.0,158.0,1.8,135.15,800,800,139.3x232.8
longitudinal_tear_03_frame_20260504_001441_961350_jpg.rf.aebad6485a90033e8aafb8473b255733.jpg,108.78,29.78,81.0,153.0,1.89,76.82,800,800,46.4x228.6; 500.0x160.9
longitudinal_tear_04_frame_20260504_001442_973718_jpg.rf.90d4f9f9ea14388c79734122d099959d.jpg,115.15,32.22,87.0,158.0,1.82,101.68,800,800,238.1x232.8
longitudinal_tear_05_frame_20260504_001446_073037_jpg.rf.41a1e03f738daaea4fa37ef8e77b8514.jpg,122.09,35.13,91.0,171.0,1.88,137.3,800,800,84.5x514.3
longitudinal_tear_06_frame_20260504_001458_186179_jpg.rf.45c9d9611e5b70db947eea4e15b0ee40.jpg,105.98,32.22,80.0,143.0,1.79,113.09,800,800,175.0x190.5
longitudinal_tear_07_frame_20260504_001500_986995_jpg.rf.137e077228e57924f663b0fc7ab37f2c.jpg,121.62,33.6,93.0,164.0,1.76,132.56,800,800,116.7x484.7
longitudinal_tear_08_frame_20260504_001513_018302_jpg.rf.f7516e8158c1e059f9d729290f1cadd1.jpg,100.9,30.79,77.0,131.0,1.7,71.86,800,800,204.8x184.2
longitudinal_tear_09_frame_20260504_001516_192421_jpg.rf.47ba6e82dc7c892129965266c47dab0f.jpg,115.54,32.1,89.0,156.0,1.75,125.17,800,800,107.1x455.0
longitudinal_tear_10_frame_20260504_001530_996480_jpg.rf.79076124b49cc1e78d71bf932343f671.jpg,116.87,28.63,91.0,157.0,1.73,108.1,800,800,103.6x328.0
longitudinal_tear_11_frame_20260504_001532_107976_jpg.rf.e2256b7b504ab5419bc49e378fe15c04.jpg,120.84,32.09,90.0,163.0,1.81,104.28,800,800,247.6x315.3
longitudinal_tear_12_frame_20260504_001544_003810_jpg.rf.c1c19fbf1fe20e1fa38152a624690169.jpg,119.58,32.93,89.0,164.0,1.84,114.51,800,800,145.2x251.8
longitudinal_tear_13_frame_20260504_001547_038102_jpg.rf.308d6a3ba2b03895f1128f376357827f.jpg,118.36,31.27,89.0,159.0,1.79,118.07,800,800,309.5x321.7
longitudinal_tear_14_frame_20260504_001550_044144_jpg.rf.691e57613f81c56eb9e6314e8cef8683.jpg,117.49,34.45,89.0,159.0,1.79,134.25,800,800,117.8x298.4; 58.4x448.6
longitudinal_tear_15_frame_20260504_001601_041886_jpg.rf.f8ad1b0f8eca3614278a63395963fd7d.jpg,114.4,29.72,88.0,151.0,1.72,132.71,800,800,55.9x234.9
longitudinal_tear_16_frame_20260504_001602_072948_jpg.rf.c245a05622b0a5eab12c30f035d11e42.jpg,116.04,32.48,87.0,156.0,1.79,110.54,800,800,259.6x232.8
longitudinal_tear_17_frame_20260504_001605_302441_jpg.rf.1a361e38a220be83117f3c8fdb5b9066.jpg,115.7,34.58,88.0,159.0,1.81,157.68,800,800,110.7x495.2
longitudinal_tear_18_frame_20260504_002333_709096_jpg.rf.dd645c0a70d10493d9f0d56615478629.jpg,80.23,31.59,55.0,119.0,2.16,195.9,800,800,106.0x74.0
longitudinal_tear_19_frame_20260504_002334_688567_jpg.rf.1151e52fa3ad0ff7ad711438a01f4ee3.jpg,82.6,32.4,57.0,123.0,2.16,206.38,800,800,152.4x112.1; 95.2x146.1
longitudinal_tear_20_frame_20260504_002335_732681_jpg.rf.d3e61a9888ef2b6ba2309574f5e732f5.jpg,86.08,33.4,60.0,128.0,2.13,217.45,800,800,270.2x88.9; 96.4x48.7
longitudinal_tear_21_frame_20260504_002346_693302_jpg.rf.84b51e397889636ea10532bf918b10eb.jpg,103.38,37.57,73.0,154.0,2.11,135.43,800,800,123.8x184.1
longitudinal_tear_22_frame_20260504_002348_694508_jpg.rf.49c978eab7c0ec720525abcdb41a905a.jpg,100.46,35.09,72.0,149.0,2.07,88.82,800,800,54.7x266.7
longitudinal_tear_23_frame_20260504_002349_703193_jpg.rf.95599bf96798561ecbb62f89c41e02fd.jpg,104.96,37.93,76.0,155.0,2.04,129.91,800,800,155.9x127.0
longitudinal_tear_24_frame_20260504_002352_724720_jpg.rf.f92cef07d4028fdc11eaee588ba359b9.jpg,112.87,38.14,82.0,163.0,1.99,127.98,800,800,113.1x385.1
longitudinal_tear_25_frame_20260504_002400_805702_jpg.rf.2e9b33f857a2f2388896b954a3dcacdc.jpg,97.67,33.89,72.0,135.0,1.88,111.22,800,800,292.9x186.2; 120.3x88.9
longitudinal_tear_26_frame_20260504_002401_714369_jpg.rf.d43df3b2eaf6df3ae01745c6530b7869.jpg,100.58,36.47,72.0,141.0,1.96,134.4,800,800,78.5x203.2
longitudinal_tear_27_frame_20260504_002404_723887_jpg.rf.b84fe2f481e74c66ff01cfb0ce118572.jpg,104.22,34.74,77.0,144.0,1.87,116.21,800,800,163.1x154.5
longitudinal_tear_28_frame_20260504_002407_724847_jpg.rf.d50408168af6d073c0a39ed77110132c.jpg,101.0,35.12,74.0,141.0,1.91,111.84,800,800,83.4x342.9
longitudinal_tear_29_frame_20260504_002422_730793_jpg.rf.cb5fc4c97565b782ae4c5776fb3ea026.jpg,106.52,37.08,77.0,157.0,2.04,138.31,800,800,101.2x317.4
longitudinal_tear_30_frame_20260504_002434_835725_jpg.rf.3de390eb41e6b433c78d46b85711320c.jpg,103.81,35.44,76.0,149.0,1.96,82.64,800,800,163.1x74.1
slight_scratch_01_frame_20260504_005333_580647_jpg.rf.733f8a7857837c2cd635cf0377d0bb8d.jpg,95.66,37.54,64.0,145.0,2.27,135.19,800,800,75.0x118.5
slight_scratch_02_frame_20260504_005841_669567_jpg.rf.3fd04fd5405cc984bf43bcfe6c6ab419.jpg,64.85,28.14,33.0,96.0,2.91,81.21,800,800,77.4x80.4
slight_scratch_03_frame_20260504_005842_678301_jpg.rf.375ec8311467a5f68cec5c5ab10a9719.jpg,68.97,29.94,36.0,102.0,2.83,171.45,800,800,79.8x86.8
slight_scratch_04_frame_20260504_005913_708942_jpg.rf.de54908c81e5e744e12851844dacbb41.jpg,99.62,43.03,39.0,150.0,3.85,97.62,800,800,120.3x116.4
slight_scratch_05_frame_20260504_010346_903311_jpg.rf.4f4bec097d753052698e826f0fe66281.jpg,97.61,34.5,70.0,146.0,2.09,64.07,800,800,71.4x114.3
slight_scratch_06_frame_20260504_001506_013874_jpg.rf.505f8f14ab8c2fd9a7fa0609dcc8f890.jpg,106.12,33.41,80.0,142.0,1.77,107.76,800,800,175.0x143.9
slight_scratch_07_frame_20260504_001508_000036_jpg.rf.efb61e2418a00773b1f1ece1ade28d53.jpg,94.15,32.83,70.0,124.0,1.77,69.54,800,800,98.8x146.0
slight_scratch_08_frame_20260504_001556_054329_jpg.rf.be72c461d23c71e9a1bbf6f247c5de1e.jpg,122.6,34.99,92.0,169.0,1.84,113.98,800,800,114.3x103.7
slight_scratch_09_frame_20260504_002357_706435_jpg.rf.d832e83050f6ecd76d7b9d2a3e933c87.jpg,107.08,38.66,76.0,155.0,2.04,118.14,800,800,104.8x124.8
slight_scratch_10_frame_20260504_002359_717757_jpg.rf.62d5259233ef832813a943c301a5a014.jpg,98.86,37.92,70.0,143.0,2.04,113.22,800,800,101.2x141.8
slight_scratch_11_frame_20260504_002432_760097_jpg.rf.3c7e098a361a24b3487ba55e392faf4e.jpg,105.44,37.86,74.0,153.0,2.07,114.52,800,800,181.0x150.3
slight_scratch_12_frame_20260504_004432_961191_jpg.rf.3d345c7e243dc6d4805602b88c894e53.jpg,104.73,36.43,73.0,158.0,2.16,75.99,800,800,29.8x154.5
slight_scratch_13_frame_20260504_004447_974224_jpg.rf.c2a90542747a571732118a90f30d442a.jpg,105.36,32.54,77.0,153.0,1.99,104.21,800,800,51.2x171.5
slight_scratch_14_frame_20260504_005312_597339_jpg.rf.a44b1aa378f5d2b4ebf83a5cca6e04e8.jpg,61.34,27.0,42.0,91.0,2.17,79.66,800,800,100.0x67.7; 95.2x186.3
slight_scratch_15_frame_20260504_005313_848486_jpg.rf.20d810f340187d4069e35af5bd3eb2d1.jpg,65.74,28.69,44.0,97.0,2.2,116.51,800,800,109.5x57.2
slight_scratch_16_frame_20260504_005339_583958_jpg.rf.918574edca4582dbd81a046a707ff793.jpg,98.7,40.41,54.0,147.0,2.72,123.39,800,800,98.8x249.7
slight_scratch_17_frame_20260504_005843_685632_jpg.rf.af8684afd05fee0dfc14c57a73a4108c.jpg,71.75,30.97,37.0,106.0,2.86,147.29,800,800,38.1x127.0
slight_scratch_18_frame_20260504_005846_706580_jpg.rf.07e149f632e9ae44d4e1fe7f60f6b433.jpg,80.1,33.98,41.0,118.0,2.88,207.08,800,800,79.8x65.7
slight_scratch_19_frame_20260504_005859_691526_jpg.rf.16be485b24e0c02f9dbdf805fda50ad6.jpg,100.39,35.26,65.0,142.0,2.18,103.25,800,800,22.7x95.3; 46.4x99.4
slight_scratch_20_frame_20260504_005905_744834_jpg.rf.e27346feab1dfbe40eecfb4b21ab8616.jpg,96.07,38.41,43.0,140.0,3.26,92.11,800,800,48.8x59.2
slight_scratch_21_frame_20260504_005907_777469_jpg.rf.af950e414e3cd620f574bfa46cb5c1b8.jpg,100.22,39.18,49.0,147.0,3.0,102.41,800,800,70.3x137.5
slight_scratch_22_frame_20260504_005910_724374_jpg.rf.a060ff08e8a8c698794022c8b7d7248f.jpg,101.76,38.5,61.0,148.0,2.43,114.16,800,800,50.0x207.4
slight_scratch_23_frame_20260504_005917_695686_jpg.rf.e5dc31b5f1ed15ff5da16534f7113318.jpg,97.92,36.05,67.0,143.0,2.13,115.28,800,800,90.5x103.7
slight_scratch_24_frame_20260504_005926_761019_jpg.rf.8280908a6c0ac3ffa071efc2e8343f6b.jpg,105.3,39.06,73.0,161.0,2.21,77.68,800,800,98.8x139.7
slight_scratch_25_frame_20260504_005927_727732_jpg.rf.3a1cf2027dd593f74378677517261659.jpg,100.09,38.8,69.0,152.0,2.2,73.56,800,800,123.9x114.3
slight_scratch_26_frame_20260504_005928_792853_jpg.rf.8dde107f4396585bdc983bd3f503670d.jpg,106.99,41.56,72.0,164.0,2.28,100.56,800,800,109.5x80.4
slight_scratch_27_frame_20260504_005943_009049_jpg.rf.88245a5a32413aac146d4dd05331b072.jpg,96.27,37.92,67.0,146.0,2.18,91.37,800,800,85.7x101.6
slight_scratch_28_frame_20260504_005944_005080_jpg.rf.a3f6ca620fd76b2dbd699ab7754ae5a2.jpg,105.27,40.79,72.0,160.0,2.22,126.9,800,800,94.1x71.9
slight_scratch_29_frame_20260504_005947_023684_jpg.rf.c70e8cab68d4f78073862faeaad69a9b.jpg,97.93,34.89,67.0,147.0,2.19,94.83,800,800,50.0x127.0
slight_scratch_30_frame_20260504_005947_983602_jpg.rf.c7d7b049efca1ebde1fdc4bddf162778.jpg,100.9,39.19,69.0,154.0,2.23,97.29,800,800,90.5x91.0
