filepath,filename,width,height,aspect_ratio,orientation,file_size,sha256,blur_score,brightness,contrast,leakage_status
real_world_test\frame_00002_jpg.rf.5e28130cc2199a50e3b0fdc3d2e38885.jpg,frame_00002_jpg.rf.5e28130cc2199a50e3b0fdc3d2e38885.jpg,800,800,1.0,SQUARE,242847,f55bc452d8edc29aeeca5e76a6b3f1704e4a24d166c28376225d81f427573a0e,532.5,118.5,38.7,BLIND_TEST_ISOLATED
real_world_test\frame_00003_jpg.rf.49968cb55095c8b650a32b4de9b866a4.jpg,frame_00003_jpg.rf.49968cb55095c8b650a32b4de9b866a4.jpg,800,800,1.0,SQUARE,243644,a4f276d67403e7780473b2dd272095a990915b48a6853562f493863bc4944036,464.3,112.1,34.2,BLIND_TEST_ISOLATED
real_world_test\frame_00005_jpg.rf.0a13708ad0e588d678226308cacc8c9b.jpg,frame_00005_jpg.rf.0a13708ad0e588d678226308cacc8c9b.jpg,800,800,1.0,SQUARE,242300,ef1c1df39cecde967ecae9d90ccaf17add2995e1323bc0a78f9cd91919abe021,520.6,123.4,39.5,BLIND_TEST_ISOLATED
real_world_test\frame_00007_jpg.rf.fc0f5aff005d781418faaa297ff2471c.jpg,frame_00007_jpg.rf.fc0f5aff005d781418faaa297ff2471c.jpg,800,800,1.0,SQUARE,126522,42298647f8af3b994f6a2b931aee6c0b199349754d99113c425a224cd773c053,50.5,99.6,31.6,BLIND_TEST_ISOLATED
real_world_test\frame_00012_jpg.rf.0bccc92f2975e1b5d666489e29c08648.jpg,frame_00012_jpg.rf.0bccc92f2975e1b5d666489e29c08648.jpg,800,800,1.0,SQUARE,142014,7cbff6723e9282c78ca091bc191c25193b00e6de006461a404612d185180dbd2,67.3,100.1,32.4,BLIND_TEST_ISOLATED
real_world_test\frame_00015_jpg.rf.8130d85e915ded4d5e29721b9dda2ff3.jpg,frame_00015_jpg.rf.8130d85e915ded4d5e29721b9dda2ff3.jpg,800,800,1.0,SQUARE,130546,6e31446c558eea767872a3cd864b3cf6910dca726fbd410077d4b34ff87bd75a,106.6,101.3,32.8,BLIND_TEST_ISOLATED
real_world_test\frame_00019_jpg.rf.c9d90cbe0a1e82afbccd085d19bd1cae.jpg,frame_00019_jpg.rf.c9d90cbe0a1e82afbccd085d19bd1cae.jpg,800,800,1.0,SQUARE,180585,5088f0112ec4bf309f74476dc0587821567e69311cf26d90d961a7772779aa64,131.4,125.8,39.5,BLIND_TEST_ISOLATED
real_world_test\frame_00021_jpg.rf.6831210c001ea5ff0d9b88a309b62f97.jpg,frame_00021_jpg.rf.6831210c001ea5ff0d9b88a309b62f97.jpg,800,800,1.0,SQUARE,132918,106b8bf938d21b4c0c15b989aeef106f1acb2c0650305c06f21b9cd30d8c41e6,106.9,100.6,35.0,BLIND_TEST_ISOLATED
real_world_test\frame_00024_jpg.rf.40676e62568fb1c96b30338f08050897.jpg,frame_00024_jpg.rf.40676e62568fb1c96b30338f08050897.jpg,800,800,1.0,SQUARE,219550,6b23ef738438459b7abfc22349e9d7b5f18a0a7299d3b2b9ee868e65b9f2421f,251.1,123.7,35.4,BLIND_TEST_ISOLATED
real_world_test\frame_00035_jpg.rf.cfcbd4ea3415701965f8fedda293fb50.jpg,frame_00035_jpg.rf.cfcbd4ea3415701965f8fedda293fb50.jpg,800,800,1.0,SQUARE,150126,748b40d4544d90c3aeae5da9593a080f082602217ec49c1ee74d6df59e87216a,166.7,111.9,38.9,BLIND_TEST_ISOLATED
real_world_test\frame_00043_jpg.rf.18a2450e12175f4369c1a958dc52304b.jpg,frame_00043_jpg.rf.18a2450e12175f4369c1a958dc52304b.jpg,800,800,1.0,SQUARE,247217,e71159d8bdebdc4a9b589976c66569830a3fc4f72945f03a253e2a60c6e183cc,429.9,103.5,43.2,BLIND_TEST_ISOLATED
real_world_test\frame_00045_jpg.rf.1ad7ac3267692d24b90701ef60772951.jpg,frame_00045_jpg.rf.1ad7ac3267692d24b90701ef60772951.jpg,800,800,1.0,SQUARE,146108,c2f9cb2baf37d1b626e0fdd3a595a12b63cca656f54a83236ef2f516816067ec,123.9,105.1,43.3,BLIND_TEST_ISOLATED
golden_test_images\frame_00002_jpg.rf.5e28130cc2199a50e3b0fdc3d2e38885.jpg,frame_00002_jpg.rf.5e28130cc2199a50e3b0fdc3d2e38885.jpg,800,800,1.0,SQUARE,242847,f55bc452d8edc29aeeca5e76a6b3f1704e4a24d166c28376225d81f427573a0e,532.5,118.5,38.7,BLIND_TEST_ISOLATED
golden_test_images\frame_00003_jpg.rf.49968cb55095c8b650a32b4de9b866a4.jpg,frame_00003_jpg.rf.49968cb55095c8b650a32b4de9b866a4.jpg,800,800,1.0,SQUARE,243644,a4f276d67403e7780473b2dd272095a990915b48a6853562f493863bc4944036,464.3,112.1,34.2,BLIND_TEST_ISOLATED
golden_test_images\frame_00005_jpg.rf.0a13708ad0e588d678226308cacc8c9b.jpg,frame_00005_jpg.rf.0a13708ad0e588d678226308cacc8c9b.jpg,800,800,1.0,SQUARE,242300,ef1c1df39cecde967ecae9d90ccaf17add2995e1323bc0a78f9cd91919abe021,520.6,123.4,39.5,BLIND_TEST_ISOLATED
golden_test_images\frame_00007_jpg.rf.fc0f5aff005d781418faaa297ff2471c.jpg,frame_00007_jpg.rf.fc0f5aff005d781418faaa297ff2471c.jpg,800,800,1.0,SQUARE,126522,42298647f8af3b994f6a2b931aee6c0b199349754d99113c425a224cd773c053,50.5,99.6,31.6,BLIND_TEST_ISOLATED
golden_test_images\frame_00012_jpg.rf.0bccc92f2975e1b5d666489e29c08648.jpg,frame_00012_jpg.rf.0bccc92f2975e1b5d666489e29c08648.jpg,800,800,1.0,SQUARE,142014,7cbff6723e9282c78ca091bc191c25193b00e6de006461a404612d185180dbd2,67.3,100.1,32.4,BLIND_TEST_ISOLATED
golden_test_images\frame_00015_jpg.rf.8130d85e915ded4d5e29721b9dda2ff3.jpg,frame_00015_jpg.rf.8130d85e915ded4d5e29721b9dda2ff3.jpg,800,800,1.0,SQUARE,130546,6e31446c558eea767872a3cd864b3cf6910dca726fbd410077d4b34ff87bd75a,106.6,101.3,32.8,BLIND_TEST_ISOLATED
golden_test_images\frame_00019_jpg.rf.c9d90cbe0a1e82afbccd085d19bd1cae.jpg,frame_00019_jpg.rf.c9d90cbe0a1e82afbccd085d19bd1cae.jpg,800,800,1.0,SQUARE,180585,5088f0112ec4bf309f74476dc0587821567e69311cf26d90d961a7772779aa64,131.4,125.8,39.5,BLIND_TEST_ISOLATED
golden_test_images\frame_00021_jpg.rf.6831210c001ea5ff0d9b88a309b62f97.jpg,frame_00021_jpg.rf.6831210c001ea5ff0d9b88a309b62f97.jpg,800,800,1.0,SQUARE,132918,106b8bf938d21b4c0c15b989aeef106f1acb2c0650305c06f21b9cd30d8c41e6,106.9,100.6,35.0,BLIND_TEST_ISOLATED
golden_test_images\frame_00024_jpg.rf.40676e62568fb1c96b30338f08050897.jpg,frame_00024_jpg.rf.40676e62568fb1c96b30338f08050897.jpg,800,800,1.0,SQUARE,219550,6b23ef738438459b7abfc22349e9d7b5f18a0a7299d3b2b9ee868e65b9f2421f,251.1,123.7,35.4,BLIND_TEST_ISOLATED
golden_test_images\frame_00035_jpg.rf.cfcbd4ea3415701965f8fedda293fb50.jpg,frame_00035_jpg.rf.cfcbd4ea3415701965f8fedda293fb50.jpg,800,800,1.0,SQUARE,150126,748b40d4544d90c3aeae5da9593a080f082602217ec49c1ee74d6df59e87216a,166.7,111.9,38.9,BLIND_TEST_ISOLATED
golden_test_images\frame_00043_jpg.rf.18a2450e12175f4369c1a958dc52304b.jpg,frame_00043_jpg.rf.18a2450e12175f4369c1a958dc52304b.jpg,800,800,1.0,SQUARE,247217,e71159d8bdebdc4a9b589976c66569830a3fc4f72945f03a253e2a60c6e183cc,429.9,103.5,43.2,BLIND_TEST_ISOLATED
golden_test_images\frame_00045_jpg.rf.1ad7ac3267692d24b90701ef60772951.jpg,frame_00045_jpg.rf.1ad7ac3267692d24b90701ef60772951.jpg,800,800,1.0,SQUARE,146108,c2f9cb2baf37d1b626e0fdd3a595a12b63cca656f54a83236ef2f516816067ec,123.9,105.1,43.3,BLIND_TEST_ISOLATED
known_defect_tests\belt_splice_1_frame_00002_jpg.rf.5e28130cc2199a50e3b0fdc3d2e38885.jpg,belt_splice_1_frame_00002_jpg.rf.5e28130cc2199a50e3b0fdc3d2e38885.jpg,800,800,1.0,SQUARE,242847,f55bc452d8edc29aeeca5e76a6b3f1704e4a24d166c28376225d81f427573a0e,532.5,118.5,38.7,BLIND_TEST_ISOLATED
known_defect_tests\belt_splice_2_frame_00003_jpg.rf.49968cb55095c8b650a32b4de9b866a4.jpg,belt_splice_2_frame_00003_jpg.rf.49968cb55095c8b650a32b4de9b866a4.jpg,800,800,1.0,SQUARE,243644,a4f276d67403e7780473b2dd272095a990915b48a6853562f493863bc4944036,464.3,112.1,34.2,BLIND_TEST_ISOLATED
known_defect_tests\belt_splice_3_frame_00005_jpg.rf.0a13708ad0e588d678226308cacc8c9b.jpg,belt_splice_3_frame_00005_jpg.rf.0a13708ad0e588d678226308cacc8c9b.jpg,800,800,1.0,SQUARE,242300,ef1c1df39cecde967ecae9d90ccaf17add2995e1323bc0a78f9cd91919abe021,520.6,123.4,39.5,BLIND_TEST_ISOLATED
known_defect_tests\belt_splice_4_frame_00012_jpg.rf.0bccc92f2975e1b5d666489e29c08648.jpg,belt_splice_4_frame_00012_jpg.rf.0bccc92f2975e1b5d666489e29c08648.jpg,800,800,1.0,SQUARE,142014,7cbff6723e9282c78ca091bc191c25193b00e6de006461a404612d185180dbd2,67.3,100.1,32.4,BLIND_TEST_ISOLATED
known_defect_tests\belt_splice_5_frame_00015_jpg.rf.8130d85e915ded4d5e29721b9dda2ff3.jpg,belt_splice_5_frame_00015_jpg.rf.8130d85e915ded4d5e29721b9dda2ff3.jpg,800,800,1.0,SQUARE,130546,6e31446c558eea767872a3cd864b3cf6910dca726fbd410077d4b34ff87bd75a,106.6,101.3,32.8,BLIND_TEST_ISOLATED
known_defect_tests\deep_scratch_1_frame_00024_jpg.rf.40676e62568fb1c96b30338f08050897.jpg,deep_scratch_1_frame_00024_jpg.rf.40676e62568fb1c96b30338f08050897.jpg,800,800,1.0,SQUARE,219550,6b23ef738438459b7abfc22349e9d7b5f18a0a7299d3b2b9ee868e65b9f2421f,251.1,123.7,35.4,BLIND_TEST_ISOLATED
known_defect_tests\deep_scratch_2_frame_00052_jpg.rf.28706526d8f19576dc058ac9629bc90a.jpg,deep_scratch_2_frame_00052_jpg.rf.28706526d8f19576dc058ac9629bc90a.jpg,800,800,1.0,SQUARE,240226,cc3a25153b1808e342e9209f4e14ede92b5f49d94bde26f5d26cb855910d4bd2,393.2,124.8,38.6,BLIND_TEST_ISOLATED
known_defect_tests\deep_scratch_3_frame_00055_jpg.rf.21c7dbe8fddf9f4b645d945f63c435b2.jpg,deep_scratch_3_frame_00055_jpg.rf.21c7dbe8fddf9f4b645d945f63c435b2.jpg,800,800,1.0,SQUARE,253672,fb284074cc1d7e4a1fdd0bbbd26db769e209ef98531c8d46d622c5d270f937a1,598.1,125.1,41.2,BLIND_TEST_ISOLATED
known_defect_tests\deep_scratch_4_frame_00068_jpg.rf.7da2953212e752b7957050e8ee29e21a.jpg,deep_scratch_4_frame_00068_jpg.rf.7da2953212e752b7957050e8ee29e21a.jpg,800,800,1.0,SQUARE,238436,b5b617e8d366ffa491d8010bb099e21ece4378ba51b91435d05c88e3b679319e,429.0,116.1,39.0,BLIND_TEST_ISOLATED
known_defect_tests\deep_scratch_5_frame_00121_jpg.rf.35938fe6d80f1299c994e9cb2adbac77.jpg,deep_scratch_5_frame_00121_jpg.rf.35938fe6d80f1299c994e9cb2adbac77.jpg,800,800,1.0,SQUARE,148376,af6022ce8b21c4a021cd428dc424b1ad36bb9b63859cfab55d93a9639b1ba66f,315.8,128.4,58.6,BLIND_TEST_ISOLATED
known_defect_tests\longitudinal_tear_1_frame_00003_jpg.rf.49968cb55095c8b650a32b4de9b866a4.jpg,longitudinal_tear_1_frame_00003_jpg.rf.49968cb55095c8b650a32b4de9b866a4.jpg,800,800,1.0,SQUARE,243644,a4f276d67403e7780473b2dd272095a990915b48a6853562f493863bc4944036,464.3,112.1,34.2,BLIND_TEST_ISOLATED
known_defect_tests\longitudinal_tear_2_frame_00007_jpg.rf.fc0f5aff005d781418faaa297ff2471c.jpg,longitudinal_tear_2_frame_00007_jpg.rf.fc0f5aff005d781418faaa297ff2471c.jpg,800,800,1.0,SQUARE,126522,42298647f8af3b994f6a2b931aee6c0b199349754d99113c425a224cd773c053,50.5,99.6,31.6,BLIND_TEST_ISOLATED
known_defect_tests\longitudinal_tear_3_frame_00019_jpg.rf.c9d90cbe0a1e82afbccd085d19bd1cae.jpg,longitudinal_tear_3_frame_00019_jpg.rf.c9d90cbe0a1e82afbccd085d19bd1cae.jpg,800,800,1.0,SQUARE,180585,5088f0112ec4bf309f74476dc0587821567e69311cf26d90d961a7772779aa64,131.4,125.8,39.5,BLIND_TEST_ISOLATED
known_defect_tests\longitudinal_tear_4_frame_00024_jpg.rf.40676e62568fb1c96b30338f08050897.jpg,longitudinal_tear_4_frame_00024_jpg.rf.40676e62568fb1c96b30338f08050897.jpg,800,800,1.0,SQUARE,219550,6b23ef738438459b7abfc22349e9d7b5f18a0a7299d3b2b9ee868e65b9f2421f,251.1,123.7,35.4,BLIND_TEST_ISOLATED
known_defect_tests\longitudinal_tear_5_frame_00043_jpg.rf.18a2450e12175f4369c1a958dc52304b.jpg,longitudinal_tear_5_frame_00043_jpg.rf.18a2450e12175f4369c1a958dc52304b.jpg,800,800,1.0,SQUARE,247217,e71159d8bdebdc4a9b589976c66569830a3fc4f72945f03a253e2a60c6e183cc,429.9,103.5,43.2,BLIND_TEST_ISOLATED
known_defect_tests\normal_belt_1_frame_00002_jpg.rf.5e28130cc2199a50e3b0fdc3d2e38885.jpg,normal_belt_1_frame_00002_jpg.rf.5e28130cc2199a50e3b0fdc3d2e38885.jpg,800,800,1.0,SQUARE,242847,f55bc452d8edc29aeeca5e76a6b3f1704e4a24d166c28376225d81f427573a0e,532.5,118.5,38.7,BLIND_TEST_ISOLATED
known_defect_tests\normal_belt_2_frame_00003_jpg.rf.49968cb55095c8b650a32b4de9b866a4.jpg,normal_belt_2_frame_00003_jpg.rf.49968cb55095c8b650a32b4de9b866a4.jpg,800,800,1.0,SQUARE,243644,a4f276d67403e7780473b2dd272095a990915b48a6853562f493863bc4944036,464.3,112.1,34.2,BLIND_TEST_ISOLATED
known_defect_tests\normal_belt_3_frame_00012_jpg.rf.0bccc92f2975e1b5d666489e29c08648.jpg,normal_belt_3_frame_00012_jpg.rf.0bccc92f2975e1b5d666489e29c08648.jpg,800,800,1.0,SQUARE,142014,7cbff6723e9282c78ca091bc191c25193b00e6de006461a404612d185180dbd2,67.3,100.1,32.4,BLIND_TEST_ISOLATED
known_defect_tests\normal_belt_4_frame_00015_jpg.rf.8130d85e915ded4d5e29721b9dda2ff3.jpg,normal_belt_4_frame_00015_jpg.rf.8130d85e915ded4d5e29721b9dda2ff3.jpg,800,800,1.0,SQUARE,130546,6e31446c558eea767872a3cd864b3cf6910dca726fbd410077d4b34ff87bd75a,106.6,101.3,32.8,BLIND_TEST_ISOLATED
known_defect_tests\normal_belt_5_frame_00019_jpg.rf.c9d90cbe0a1e82afbccd085d19bd1cae.jpg,normal_belt_5_frame_00019_jpg.rf.c9d90cbe0a1e82afbccd085d19bd1cae.jpg,800,800,1.0,SQUARE,180585,5088f0112ec4bf309f74476dc0587821567e69311cf26d90d961a7772779aa64,131.4,125.8,39.5,BLIND_TEST_ISOLATED
known_defect_tests\slight_scratch_1_frame_00012_jpg.rf.0bccc92f2975e1b5d666489e29c08648.jpg,slight_scratch_1_frame_00012_jpg.rf.0bccc92f2975e1b5d666489e29c08648.jpg,800,800,1.0,SQUARE,142014,7cbff6723e9282c78ca091bc191c25193b00e6de006461a404612d185180dbd2,67.3,100.1,32.4,BLIND_TEST_ISOLATED
known_defect_tests\slight_scratch_2_frame_00024_jpg.rf.40676e62568fb1c96b30338f08050897.jpg,slight_scratch_2_frame_00024_jpg.rf.40676e62568fb1c96b30338f08050897.jpg,800,800,1.0,SQUARE,219550,6b23ef738438459b7abfc22349e9d7b5f18a0a7299d3b2b9ee868e65b9f2421f,251.1,123.7,35.4,BLIND_TEST_ISOLATED
known_defect_tests\slight_scratch_3_frame_00046_jpg.rf.9075689b3baa501f6d8d9f1d91930a32.jpg,slight_scratch_3_frame_00046_jpg.rf.9075689b3baa501f6d8d9f1d91930a32.jpg,800,800,1.0,SQUARE,227588,38694bb0a56440fbb61b08ba9ff58b7d1506d93bf2d2199f141b3ad3d6971ee6,288.4,121.4,34.5,BLIND_TEST_ISOLATED
known_defect_tests\slight_scratch_4_frame_00121_jpg.rf.35938fe6d80f1299c994e9cb2adbac77.jpg,slight_scratch_4_frame_00121_jpg.rf.35938fe6d80f1299c994e9cb2adbac77.jpg,800,800,1.0,SQUARE,148376,af6022ce8b21c4a021cd428dc424b1ad36bb9b63859cfab55d93a9639b1ba66f,315.8,128.4,58.6,BLIND_TEST_ISOLATED
known_defect_tests\slight_scratch_5_frame_00129_jpg.rf.7719d1d835cab947ea466cdf7469001a.jpg,slight_scratch_5_frame_00129_jpg.rf.7719d1d835cab947ea466cdf7469001a.jpg,800,800,1.0,SQUARE,148387,94eee930f85cf52fada2a65cd7d56ac467b2c2579729f0ef534a9849b51d4405,140.7,112.0,50.8,BLIND_TEST_ISOLATED
uploads\last_upload.jpg,last_upload.jpg,800,800,1.0,SQUARE,242847,f55bc452d8edc29aeeca5e76a6b3f1704e4a24d166c28376225d81f427573a0e,532.5,118.5,38.7,BLIND_TEST_ISOLATED
uploads\thumb_last_upload.jpg,thumb_last_upload.jpg,400,885,0.452,PORTRAIT,183744,fb683591d47874d7ba77391a041266ce1acd5d4b3bf3e9f82b1fcba853f2840a,3233.3,156.4,56.0,BLIND_TEST_ISOLATED
