split,image,box,original_class,action,reason
train,frame_00001_jpg.rf.a795d778a3333fd4ef5c3c3e3f4baa08.jpg,"['0.601562', '0.368484', '0.203125', '0.638016']",Normal Belt (3),REMOVED_BACKGROUND_BOX,"Clean rubber context is true negative background, not localized object"
train,frame_00001_jpg.rf.a795d778a3333fd4ef5c3c3e3f4baa08.jpg,"['0.273438', '0.144531', '0.156250', '0.164062']",Normal Belt (3),REMOVED_BACKGROUND_BOX,"Clean rubber context is true negative background, not localized object"
train,frame_00001_jpg.rf.a795d778a3333fd4ef5c3c3e3f4baa08.jpg,"['0.233078', '0.557297', '0.101562', '0.182297']",Normal Belt (3),REMOVED_BACKGROUND_BOX,"Clean rubber context is true negative background, not localized object"
train,frame_00003_jpg.rf.49968cb55095c8b650a32b4de9b866a4.jpg,"['0.467453', '0.628906', '0.617188', '0.169266']",Normal Belt (3),REMOVED_BACKGROUND_BOX,"Clean rubber context is true negative background, not localized object"
train,frame_00004_jpg.rf.c8b21a966ebc1ff769b7844eaadd3301.jpg,"['0.385422', '0.434891', '0.666672', '0.166672']",Normal Belt (3),REMOVED_BACKGROUND_BOX,"Clean rubber context is true negative background, not localized object"
train,frame_00004_jpg.rf.c8b21a966ebc1ff769b7844eaadd3301.jpg,"['0.531250', '0.131516', '0.354172', '0.153641']",Normal Belt (3),REMOVED_BACKGROUND_BOX,"Clean rubber context is true negative background, not localized object"
train,frame_00007_jpg.rf.5840139dbf6bec3d431d816289f4af54.jpg,"['0.222656', '0.558594', '0.216141', '0.752609']",Normal Belt (3),REMOVED_BACKGROUND_BOX,"Clean rubber context is true negative background, not localized object"
train,frame_00008_jpg.rf.a3cbabe945107fa3f8f00e1c6316cafc.jpg,"['0.200516', '0.539062', '0.197922', '0.651047']",Normal Belt (3),REMOVED_BACKGROUND_BOX,"Clean rubber context is true negative background, not localized object"
train,frame_00013_jpg.rf.2bf3ed412dcb2ad576ced4a4b390c9b8.jpg,"['0.468750', '0.214844', '0.703125', '0.325516']",Normal Belt (3),REMOVED_BACKGROUND_BOX,"Clean rubber context is true negative background, not localized object"
train,frame_00015_jpg.rf.70443fdd76906dd14f7a6ef3d2d77754.jpg,"['0.145828', '0.335938', '0.234375', '0.578125']",Normal Belt (3),REMOVED_BACKGROUND_BOX,"Clean rubber context is true negative background, not localized object"
train,frame_00015_jpg.rf.70443fdd76906dd14f7a6ef3d2d77754.jpg,"['0.601562', '0.598953', '0.192703', '0.697922']",Normal Belt (3),REMOVED_BACKGROUND_BOX,"Clean rubber context is true negative background, not localized object"
train,frame_00015_jpg.rf.8130d85e915ded4d5e29721b9dda2ff3.jpg,"['0.477859', '0.548172', '0.669266', '0.330734']",Normal Belt (3),REMOVED_BACKGROUND_BOX,"Clean rubber context is true negative background, not localized object"
train,frame_00017_jpg.rf.644d1e2b3c01f185b37a8e3bc56edf30.jpg,"['0.201828', '0.236984', '0.242188', '0.369797']",Normal Belt (3),REMOVED_BACKGROUND_BOX,"Clean rubber context is true negative background, not localized object"
train,frame_00017_jpg.rf.644d1e2b3c01f185b37a8e3bc56edf30.jpg,"['0.601562', '0.705734', '0.291672', '0.479172']",Normal Belt (3),REMOVED_BACKGROUND_BOX,"Clean rubber context is true negative background, not localized object"
train,frame_00020_jpg.rf.23b2ddc2379ffccdf98a20bcded56a14.jpg,"['0.496094', '0.520828', '0.528641', '0.145828']",Normal Belt (3),REMOVED_BACKGROUND_BOX,"Clean rubber context is true negative background, not localized object"
train,frame_00020_jpg.rf.23b2ddc2379ffccdf98a20bcded56a14.jpg,"['0.611984', '0.149734', '0.255203', '0.210938']",Normal Belt (3),REMOVED_BACKGROUND_BOX,"Clean rubber context is true negative background, not localized object"
train,frame_00021_jpg.rf.0b557c963e8a8a7e967e431315ee2dc4.jpg,"['0.221359', '0.664062', '0.197922', '0.520828']",Normal Belt (3),REMOVED_BACKGROUND_BOX,"Clean rubber context is true negative background, not localized object"
train,frame_00021_jpg.rf.0b557c963e8a8a7e967e431315ee2dc4.jpg,"['0.453125', '0.082031', '0.635422', '0.122391']",Normal Belt (3),REMOVED_BACKGROUND_BOX,"Clean rubber context is true negative background, not localized object"
train,frame_00021_jpg.rf.0b557c963e8a8a7e967e431315ee2dc4.jpg,"['0.726562', '0.578125', '0.151047', '0.375000']",Normal Belt (3),REMOVED_BACKGROUND_BOX,"Clean rubber context is true negative background, not localized object"
train,frame_00021_jpg.rf.6831210c001ea5ff0d9b88a309b62f97.jpg,"['0.214844', '0.559891', '0.158859', '0.807297']",Normal Belt (3),REMOVED_BACKGROUND_BOX,"Clean rubber context is true negative background, not localized object"
train,frame_00021_jpg.rf.6831210c001ea5ff0d9b88a309b62f97.jpg,"['0.588547', '0.846359', '0.322922', '0.213547']",Normal Belt (3),REMOVED_BACKGROUND_BOX,"Clean rubber context is true negative background, not localized object"
train,frame_00022_jpg.rf.5d14230a0e761bc15eaec31fac6e80d8.jpg,"['0.342453', '0.157547', '0.330734', '0.117188']",Normal Belt (3),REMOVED_BACKGROUND_BOX,"Clean rubber context is true negative background, not localized object"
train,frame_00022_jpg.rf.5d14230a0e761bc15eaec31fac6e80d8.jpg,"['0.247391', '0.507812', '0.161453', '0.333328']",Normal Belt (3),REMOVED_BACKGROUND_BOX,"Clean rubber context is true negative background, not localized object"
train,frame_00022_jpg.rf.5d14230a0e761bc15eaec31fac6e80d8.jpg,"['0.277344', '0.825516', '0.304688', '0.156250']",Normal Belt (3),REMOVED_BACKGROUND_BOX,"Clean rubber context is true negative background, not localized object"
train,frame_00022_jpg.rf.5d14230a0e761bc15eaec31fac6e80d8.jpg,"['0.697922', '0.630203', '0.161453', '0.223953']",Normal Belt (3),REMOVED_BACKGROUND_BOX,"Clean rubber context is true negative background, not localized object"
train,frame_00025_jpg.rf.61ab6cbc375f53bdfb9ccc96ac1426a5.jpg,"['0.506516', '0.639328', '0.617188', '0.294266']",Normal Belt (3),REMOVED_BACKGROUND_BOX,"Clean rubber context is true negative background, not localized object"
train,frame_00025_jpg.rf.61ab6cbc375f53bdfb9ccc96ac1426a5.jpg,"['0.324219', '0.144531', '0.273438', '0.184891']",Normal Belt (3),REMOVED_BACKGROUND_BOX,"Clean rubber context is true negative background, not localized object"
train,frame_00030_jpg.rf.bf260995087fcb8392485fd8f4512e12.jpg,"['0.261719', '0.830734', '0.283859', '0.244797']",Normal Belt (3),REMOVED_BACKGROUND_BOX,"Clean rubber context is true negative background, not localized object"
train,frame_00030_jpg.rf.d93305d956d3e5f3e6c461f4232b863e.jpg,"['0.417969', '0.721359', '0.611984', '0.343750']",Normal Belt (3),REMOVED_BACKGROUND_BOX,"Clean rubber context is true negative background, not localized object"
train,frame_00030_jpg.rf.d93305d956d3e5f3e6c461f4232b863e.jpg,"['0.449219', '0.438797', '0.231766', '0.085938']",Normal Belt (3),REMOVED_BACKGROUND_BOX,"Clean rubber context is true negative background, not localized object"
train,frame_00032_jpg.rf.f262ae80344e26bc71968fd1e8a91642.jpg,"['0.520828', '0.328125', '0.578125', '0.104172']",Normal Belt (3),REMOVED_BACKGROUND_BOX,"Clean rubber context is true negative background, not localized object"
train,frame_00032_jpg.rf.f262ae80344e26bc71968fd1e8a91642.jpg,"['0.498703', '0.173172', '0.226562', '0.096359']",Normal Belt (3),REMOVED_BACKGROUND_BOX,"Clean rubber context is true negative background, not localized object"
train,frame_00035_jpg.rf.553089e9db46f7fae8ec730a83908a1a.jpg,"['0.441406', '0.196609', '0.674484', '0.190109']",Normal Belt (3),REMOVED_BACKGROUND_BOX,"Clean rubber context is true negative background, not localized object"
train,frame_00035_jpg.rf.553089e9db46f7fae8ec730a83908a1a.jpg,"['0.308594', '0.684891', '0.289062', '0.088547']",Normal Belt (3),REMOVED_BACKGROUND_BOX,"Clean rubber context is true negative background, not localized object"
train,frame_00035_jpg.rf.cfcbd4ea3415701965f8fedda293fb50.jpg,"['0.514328', '0.690109', '0.638016', '0.546875']",Normal Belt (3),REMOVED_BACKGROUND_BOX,"Clean rubber context is true negative background, not localized object"
train,frame_00036_jpg.rf.b5090e7cbc15ba1115c848400cbec5e5.jpg,"['0.484375', '0.352859', '0.609375', '0.148438']",Normal Belt (3),REMOVED_BACKGROUND_BOX,"Clean rubber context is true negative background, not localized object"
train,frame_00036_jpg.rf.b5090e7cbc15ba1115c848400cbec5e5.jpg,"['0.291672', '0.640625', '0.229172', '0.239578']",Normal Belt (3),REMOVED_BACKGROUND_BOX,"Clean rubber context is true negative background, not localized object"
train,frame_00037_jpg.rf.79a8c19f99317b2a85e37755f2d27373.jpg,"['0.518234', '0.251297', '0.442703', '0.247391']",Normal Belt (3),REMOVED_BACKGROUND_BOX,"Clean rubber context is true negative background, not localized object"
train,frame_00037_jpg.rf.79a8c19f99317b2a85e37755f2d27373.jpg,"['0.337234', '0.540359', '0.289062', '0.164062']",Normal Belt (3),REMOVED_BACKGROUND_BOX,"Clean rubber context is true negative background, not localized object"
train,frame_00038_jpg.rf.2f4b92ce4a36c5ba2fe20a551b480246.jpg,"['0.250000', '0.690109', '0.192703', '0.489578']",Normal Belt (3),REMOVED_BACKGROUND_BOX,"Clean rubber context is true negative background, not localized object"
train,frame_00038_jpg.rf.2f4b92ce4a36c5ba2fe20a551b480246.jpg,"['0.502609', '0.171875', '0.578125', '0.286453']",Normal Belt (3),REMOVED_BACKGROUND_BOX,"Clean rubber context is true negative background, not localized object"
train,frame_00038_jpg.rf.7eb546b40cacf41489785042a2070830.jpg,"['0.261719', '0.575516', '0.164062', '0.833328']",Normal Belt (3),REMOVED_BACKGROUND_BOX,"Clean rubber context is true negative background, not localized object"
train,frame_00039_jpg.rf.092f645af5ca08938054c6f218791721.jpg,"['0.390625', '0.125000', '0.390625', '0.156250']",Normal Belt (3),REMOVED_BACKGROUND_BOX,"Clean rubber context is true negative background, not localized object"
train,frame_00039_jpg.rf.092f645af5ca08938054c6f218791721.jpg,"['0.420578', '0.528641', '0.585938', '0.197922']",Normal Belt (3),REMOVED_BACKGROUND_BOX,"Clean rubber context is true negative background, not localized object"
train,frame_00041_jpg.rf.1993e2f7b2883d8bfd7ce168ff91fffc.jpg,"['0.436203', '0.307297', '0.674484', '0.291672']",Normal Belt (3),REMOVED_BACKGROUND_BOX,"Clean rubber context is true negative background, not localized object"
train,frame_00041_jpg.rf.1993e2f7b2883d8bfd7ce168ff91fffc.jpg,"['0.214844', '0.648438', '0.127609', '0.296875']",Normal Belt (3),REMOVED_BACKGROUND_BOX,"Clean rubber context is true negative background, not localized object"
train,frame_00041_jpg.rf.1993e2f7b2883d8bfd7ce168ff91fffc.jpg,"['0.692703', '0.727859', '0.130203', '0.299484']",Normal Belt (3),REMOVED_BACKGROUND_BOX,"Clean rubber context is true negative background, not localized object"
train,frame_00041_jpg.rf.1993e2f7b2883d8bfd7ce168ff91fffc.jpg,"['0.372391', '0.669266', '0.104172', '0.276047']",Normal Belt (3),REMOVED_BACKGROUND_BOX,"Clean rubber context is true negative background, not localized object"
train,frame_00041_jpg.rf.1993e2f7b2883d8bfd7ce168ff91fffc.jpg,"['0.557297', '0.315109', '0.072922', '0.135422']",Normal Belt (3),REMOVED_BACKGROUND_BOX,"Clean rubber context is true negative background, not localized object"
train,frame_00041_jpg.rf.e368101da6759a013c2a06b0b8576307.jpg,"['0.246094', '0.343750', '0.169266', '0.546875']",Normal Belt (3),REMOVED_BACKGROUND_BOX,"Clean rubber context is true negative background, not localized object"
train,frame_00041_jpg.rf.e368101da6759a013c2a06b0b8576307.jpg,"['0.532547', '0.367188', '0.127609', '0.062500']",Normal Belt (3),REMOVED_BACKGROUND_BOX,"Clean rubber context is true negative background, not localized object"
train,frame_00042_jpg.rf.b6e2adcab38cc7b604311294b7f58a35.jpg,"['0.191406', '0.467453', '0.242188', '0.335938']",Normal Belt (3),REMOVED_BACKGROUND_BOX,"Clean rubber context is true negative background, not localized object"
train,frame_00042_jpg.rf.b6e2adcab38cc7b604311294b7f58a35.jpg,"['0.421875', '0.119797', '0.541672', '0.166672']",Normal Belt (3),REMOVED_BACKGROUND_BOX,"Clean rubber context is true negative background, not localized object"
train,frame_00044_jpg.rf.6c75343077cedb31a508f69b503b22c2.jpg,"['0.658859', '0.438797', '0.182297', '0.138016']",Normal Belt (3),REMOVED_BACKGROUND_BOX,"Clean rubber context is true negative background, not localized object"
train,frame_00044_jpg.rf.6c75343077cedb31a508f69b503b22c2.jpg,"['0.334641', '0.580734', '0.299484', '0.260422']",Normal Belt (3),REMOVED_BACKGROUND_BOX,"Clean rubber context is true negative background, not localized object"
train,frame_00045_jpg.rf.1ad7ac3267692d24b90701ef60772951.jpg,"['0.458328', '0.335938', '0.421875', '0.109375']",Normal Belt (3),REMOVED_BACKGROUND_BOX,"Clean rubber context is true negative background, not localized object"
train,frame_00049_jpg.rf.d7a34499e224d988b7a7d12269c6c2d9.jpg,"['0.559891', '0.217453', '0.343750', '0.216141']",Normal Belt (3),REMOVED_BACKGROUND_BOX,"Clean rubber context is true negative background, not localized object"
train,frame_00049_jpg.rf.d7a34499e224d988b7a7d12269c6c2d9.jpg,"['0.277344', '0.488281', '0.221359', '0.283859']",Normal Belt (3),REMOVED_BACKGROUND_BOX,"Clean rubber context is true negative background, not localized object"
train,frame_00050_jpg.rf.67795f75f13c07158bc6193f97812850.jpg,"['0.264328', '0.639328', '0.143234', '0.565109']",Normal Belt (3),REMOVED_BACKGROUND_BOX,"Clean rubber context is true negative background, not localized object"
train,frame_00050_jpg.rf.67795f75f13c07158bc6193f97812850.jpg,"['0.428391', '0.441406', '0.101562', '0.158859']",Normal Belt (3),REMOVED_BACKGROUND_BOX,"Clean rubber context is true negative background, not localized object"
train,frame_00050_jpg.rf.67795f75f13c07158bc6193f97812850.jpg,"['0.803391', '0.610672', '0.158859', '0.184891']",Normal Belt (3),REMOVED_BACKGROUND_BOX,"Clean rubber context is true negative background, not localized object"
train,frame_00050_jpg.rf.d0cf41b078a6cc884ae25da9280bfdba.jpg,"['0.523438', '0.128906', '0.531250', '0.184891']",Normal Belt (3),REMOVED_BACKGROUND_BOX,"Clean rubber context is true negative background, not localized object"
train,frame_00050_jpg.rf.d0cf41b078a6cc884ae25da9280bfdba.jpg,"['0.419266', '0.881516', '0.546875', '0.236984']",Normal Belt (3),REMOVED_BACKGROUND_BOX,"Clean rubber context is true negative background, not localized object"
train,frame_00050_jpg.rf.d0cf41b078a6cc884ae25da9280bfdba.jpg,"['0.440109', '0.464844', '0.088547', '0.190109']",Normal Belt (3),REMOVED_BACKGROUND_BOX,"Clean rubber context is true negative background, not localized object"
train,frame_00051_jpg.rf.19c9e212c43c05eafc0b85e39c0bf6a4.jpg,"['0.252609', '0.627609', '0.135422', '0.718750']",Normal Belt (3),REMOVED_BACKGROUND_BOX,"Clean rubber context is true negative background, not localized object"
train,frame_00051_jpg.rf.19c9e212c43c05eafc0b85e39c0bf6a4.jpg,"['0.766922', '0.393234', '0.122391', '0.239578']",Normal Belt (3),REMOVED_BACKGROUND_BOX,"Clean rubber context is true negative background, not localized object"
train,frame_00051_jpg.rf.c63b2cfbe9a1bd63daac7b16a6816015.jpg,"['0.486984', '0.802078', '0.625000', '0.291672']",Normal Belt (3),REMOVED_BACKGROUND_BOX,"Clean rubber context is true negative background, not localized object"
train,frame_00051_jpg.rf.c63b2cfbe9a1bd63daac7b16a6816015.jpg,"['0.316406', '0.118484', '0.195312', '0.153641']",Normal Belt (3),REMOVED_BACKGROUND_BOX,"Clean rubber context is true negative background, not localized object"
train,frame_00052_jpg.rf.2fdbaefb8e29fb459d6410f6dafa9643.jpg,"['0.531250', '0.630203', '0.510422', '0.192703']",Normal Belt (3),REMOVED_BACKGROUND_BOX,"Clean rubber context is true negative background, not localized object"
train,frame_00053_jpg.rf.1ef0c5b33b5b16934882d45b48f37473.jpg,"['0.597656', '0.417969', '0.460938', '0.132812']",Normal Belt (3),REMOVED_BACKGROUND_BOX,"Clean rubber context is true negative background, not localized object"
train,frame_00054_jpg.rf.78c8da677437c986af5991985d5736ff.jpg,"['0.454422', '0.244797', '0.398438', '0.161453']",Normal Belt (3),REMOVED_BACKGROUND_BOX,"Clean rubber context is true negative background, not localized object"
train,frame_00058_jpg.rf.5a36be138357be768bad39e2d7ed488f.jpg,"['0.339844', '0.286453', '0.195312', '0.062500']",Normal Belt (3),REMOVED_BACKGROUND_BOX,"Clean rubber context is true negative background, not localized object"
train,frame_00058_jpg.rf.5a36be138357be768bad39e2d7ed488f.jpg,"['0.283859', '0.813797', '0.171875', '0.367188']",Normal Belt (3),REMOVED_BACKGROUND_BOX,"Clean rubber context is true negative background, not localized object"
train,frame_00058_jpg.rf.5a36be138357be768bad39e2d7ed488f.jpg,"['0.703125', '0.601562', '0.130203', '0.145828']",Normal Belt (3),REMOVED_BACKGROUND_BOX,"Clean rubber context is true negative background, not localized object"
train,frame_00058_jpg.rf.5a36be138357be768bad39e2d7ed488f.jpg,"['0.376297', '0.489578', '0.091141', '0.234375']",Normal Belt (3),REMOVED_BACKGROUND_BOX,"Clean rubber context is true negative background, not localized object"
train,frame_00058_jpg.rf.86a3b721a7d5f09de7ccf678457088fd.jpg,"['0.500000', '0.184891', '0.557297', '0.260422']",Normal Belt (3),REMOVED_BACKGROUND_BOX,"Clean rubber context is true negative background, not localized object"
train,frame_00058_jpg.rf.86a3b721a7d5f09de7ccf678457088fd.jpg,"['0.240891', '0.656250', '0.242188', '0.312500']",Normal Belt (3),REMOVED_BACKGROUND_BOX,"Clean rubber context is true negative background, not localized object"
train,frame_00059_jpg.rf.4df64c9b84a5255d1728fa2e53e70fe4.jpg,"['0.259109', '0.595047', '0.101562', '0.486984']",Normal Belt (3),REMOVED_BACKGROUND_BOX,"Clean rubber context is true negative background, not localized object"
train,frame_00059_jpg.rf.4df64c9b84a5255d1728fa2e53e70fe4.jpg,"['0.158859', '0.579422', '0.057297', '0.440109']",Normal Belt (3),REMOVED_BACKGROUND_BOX,"Clean rubber context is true negative background, not localized object"
train,frame_00059_jpg.rf.4df64c9b84a5255d1728fa2e53e70fe4.jpg,"['0.588547', '0.773438', '0.078125', '0.359375']",Normal Belt (3),REMOVED_BACKGROUND_BOX,"Clean rubber context is true negative background, not localized object"
train,frame_00059_jpg.rf.4df64c9b84a5255d1728fa2e53e70fe4.jpg,"['0.691406', '0.666672', '0.075516', '0.364578']",Normal Belt (3),REMOVED_BACKGROUND_BOX,"Clean rubber context is true negative background, not localized object"
train,frame_00059_jpg.rf.998c9e72058e3d94015fae3d3bf3bf2e.jpg,"['0.492188', '0.492188', '0.515625', '0.229172']",Normal Belt (3),REMOVED_BACKGROUND_BOX,"Clean rubber context is true negative background, not localized object"
train,frame_00060_jpg.rf.324847c05762fe6108c52af150fbca48.jpg,"['0.328125', '0.647141', '0.276047', '0.513016']",Normal Belt (3),REMOVED_BACKGROUND_BOX,"Clean rubber context is true negative background, not localized object"
train,frame_00060_jpg.rf.324847c05762fe6108c52af150fbca48.jpg,"['0.345047', '0.111984', '0.226562', '0.093750']",Normal Belt (3),REMOVED_BACKGROUND_BOX,"Clean rubber context is true negative background, not localized object"
train,frame_00061_jpg.rf.85864844781e7c2a28778d0a4e223ab8.jpg,"['0.358078', '0.376297', '0.200516', '0.419266']",Normal Belt (3),REMOVED_BACKGROUND_BOX,"Clean rubber context is true negative background, not localized object"
train,frame_00061_jpg.rf.85864844781e7c2a28778d0a4e223ab8.jpg,"['0.670578', '0.216141', '0.054688', '0.187500']",Normal Belt (3),REMOVED_BACKGROUND_BOX,"Clean rubber context is true negative background, not localized object"
train,frame_00062_jpg.rf.97566eabeb1a30e18da65a7addeccc9d.jpg,"['0.361984', '0.246094', '0.348953', '0.398438']",Normal Belt (3),REMOVED_BACKGROUND_BOX,"Clean rubber context is true negative background, not localized object"
train,frame_00062_jpg.rf.97566eabeb1a30e18da65a7addeccc9d.jpg,"['0.497391', '0.782547', '0.640625', '0.289062']",Normal Belt (3),REMOVED_BACKGROUND_BOX,"Clean rubber context is true negative background, not localized object"
train,frame_00063_jpg.rf.6edb9f7894aaa9009613459a65509495.jpg,"['0.311203', '0.171875', '0.236984', '0.197922']",Normal Belt (3),REMOVED_BACKGROUND_BOX,"Clean rubber context is true negative background, not localized object"
train,frame_00066_jpg.rf.47c7fe3b16ed16593e38c50de8195d8e.jpg,"['0.321609', '0.627609', '0.195312', '0.744797']",Normal Belt (3),REMOVED_BACKGROUND_BOX,"Clean rubber context is true negative background, not localized object"
train,frame_00066_jpg.rf.47c7fe3b16ed16593e38c50de8195d8e.jpg,"['0.330734', '0.113281', '0.177078', '0.190109']",Normal Belt (3),REMOVED_BACKGROUND_BOX,"Clean rubber context is true negative background, not localized object"
train,frame_00066_jpg.rf.47c7fe3b16ed16593e38c50de8195d8e.jpg,"['0.796875', '0.197922', '0.083328', '0.203125']",Normal Belt (3),REMOVED_BACKGROUND_BOX,"Clean rubber context is true negative background, not localized object"
train,frame_00066_jpg.rf.47c7fe3b16ed16593e38c50de8195d8e.jpg,"['0.773438', '0.608078', '0.239578', '0.216141']",Normal Belt (3),REMOVED_BACKGROUND_BOX,"Clean rubber context is true negative background, not localized object"
train,frame_00066_jpg.rf.78abbb5a4e03c98ff540cef205566125.jpg,"['0.567703', '0.815109', '0.343750', '0.255203']",Normal Belt (3),REMOVED_BACKGROUND_BOX,"Clean rubber context is true negative background, not localized object"
train,frame_00066_jpg.rf.78abbb5a4e03c98ff540cef205566125.jpg,"['0.287766', '0.177078', '0.143234', '0.171875']",Normal Belt (3),REMOVED_BACKGROUND_BOX,"Clean rubber context is true negative background, not localized object"
train,frame_00066_jpg.rf.78abbb5a4e03c98ff540cef205566125.jpg,"['0.242188', '0.792969', '0.125000', '0.158859']",Normal Belt (3),REMOVED_BACKGROUND_BOX,"Clean rubber context is true negative background, not localized object"
train,frame_00067_jpg.rf.a47e9b152181795c356ade04e4b49948.jpg,"['0.282547', '0.537766', '0.179688', '0.335938']",Normal Belt (3),REMOVED_BACKGROUND_BOX,"Clean rubber context is true negative background, not localized object"
train,frame_00067_jpg.rf.a47e9b152181795c356ade04e4b49948.jpg,"['0.665359', '0.503906', '0.236984', '0.127609']",Normal Belt (3),REMOVED_BACKGROUND_BOX,"Clean rubber context is true negative background, not localized object"
train,frame_00068_jpg.rf.5fafc057bb33fcb16dec1aeeb8041644.jpg,"['0.265625', '0.463547', '0.229172', '0.218750']",Normal Belt (3),REMOVED_BACKGROUND_BOX,"Clean rubber context is true negative background, not localized object"
train,frame_00070_jpg.rf.3a50940319e25dd49af096ecb6339cf2.jpg,"['0.367188', '0.231766', '0.208328', '0.239578']",Normal Belt (3),REMOVED_BACKGROUND_BOX,"Clean rubber context is true negative background, not localized object"
train,frame_00072_jpg.rf.17f52449f1addb0f6c6582bddc7799c5.jpg,"['0.486984', '0.505203', '0.546875', '0.265625']",Normal Belt (3),REMOVED_BACKGROUND_BOX,"Clean rubber context is true negative background, not localized object"
train,frame_00075_jpg.rf.7a628860e24f79d1b0c9d8665706213b.jpg,"['0.420578', '0.643234', '0.601562', '0.421875']",Normal Belt (3),REMOVED_BACKGROUND_BOX,"Clean rubber context is true negative background, not localized object"
train,frame_00081_jpg.rf.13c937a9496ad418b622d7e96cd22321.jpg,"['0.438797', '0.483078', '0.330734', '0.111984']",Normal Belt (3),REMOVED_BACKGROUND_BOX,"Clean rubber context is true negative background, not localized object"
train,frame_00082_jpg.rf.b55769a1a71678c24222d1535b1b459a.jpg,"['0.529953', '0.157547', '0.361984', '0.164062']",Normal Belt (3),REMOVED_BACKGROUND_BOX,"Clean rubber context is true negative background, not localized object"
train,frame_00084_jpg.rf.1e13157f9f2a95c41ad0aac9720e7bc7.jpg,"['0.425781', '0.332031', '0.408859', '0.169266']",Normal Belt (3),REMOVED_BACKGROUND_BOX,"Clean rubber context is true negative background, not localized object"
train,frame_00086_jpg.rf.3c8b35ab4c525cea0f49e92dfefd4ecf.jpg,"['0.240891', '0.401047', '0.226562', '0.354172']",Normal Belt (3),REMOVED_BACKGROUND_BOX,"Clean rubber context is true negative background, not localized object"
train,frame_00088_jpg.rf.3a1860ff9ad2dc53b01415d56b45f0c2.jpg,"['0.613281', '0.721359', '0.153641', '0.145828']",Normal Belt (3),REMOVED_BACKGROUND_BOX,"Clean rubber context is true negative background, not localized object"
train,frame_00088_jpg.rf.87e59ab061d8b683f58916681b17a43c.jpg,"['0.509109', '0.687500', '0.361984', '0.265625']",Normal Belt (3),REMOVED_BACKGROUND_BOX,"Clean rubber context is true negative background, not localized object"
train,frame_00089_jpg.rf.3c4ac6448477b80b330e60b97e25f284.jpg,"['0.433594', '0.514328', '0.335938', '0.226562']",Normal Belt (3),REMOVED_BACKGROUND_BOX,"Clean rubber context is true negative background, not localized object"
train,frame_00089_jpg.rf.3c4ac6448477b80b330e60b97e25f284.jpg,"['0.104172', '0.524734', '0.145828', '0.143234']",Normal Belt (3),REMOVED_BACKGROUND_BOX,"Clean rubber context is true negative background, not localized object"
train,frame_00092_jpg.rf.0a3ea5f53c60ab61308d1ff9635957a9.jpg,"['0.355469', '0.335938', '0.507812', '0.182297']",Normal Belt (3),REMOVED_BACKGROUND_BOX,"Clean rubber context is true negative background, not localized object"
train,frame_00093_jpg.rf.326afc4876d0513be704b8a69f59a987.jpg,"['0.192703', '0.402344', '0.291672', '0.148438']",Normal Belt (3),REMOVED_BACKGROUND_BOX,"Clean rubber context is true negative background, not localized object"
train,frame_00093_jpg.rf.326afc4876d0513be704b8a69f59a987.jpg,"['0.875000', '0.375000', '0.182297', '0.317703']",Normal Belt (3),REMOVED_BACKGROUND_BOX,"Clean rubber context is true negative background, not localized object"
train,frame_00095_jpg.rf.73fd9b14aedf960eb29fe942e586744c.jpg,"['0.276047', '0.338547', '0.411453', '0.135422']",Normal Belt (3),REMOVED_BACKGROUND_BOX,"Clean rubber context is true negative background, not localized object"
train,frame_00095_jpg.rf.73fd9b14aedf960eb29fe942e586744c.jpg,"['0.305984', '0.515625', '0.419266', '0.104172']",Normal Belt (3),REMOVED_BACKGROUND_BOX,"Clean rubber context is true negative background, not localized object"
train,frame_00095_jpg.rf.73fd9b14aedf960eb29fe942e586744c.jpg,"['0.873703', '0.408859', '0.195312', '0.260422']",Normal Belt (3),REMOVED_BACKGROUND_BOX,"Clean rubber context is true negative background, not localized object"
train,frame_00096_jpg.rf.8edcb31f47a77839cec1bf5c64ece661.jpg,"['0.174484', '0.410156', '0.234375', '0.273438']",Normal Belt (3),REMOVED_BACKGROUND_BOX,"Clean rubber context is true negative background, not localized object"
train,frame_00097_jpg.rf.089abcc0aa4be83c175a4f0bad602d3c.jpg,"['0.398438', '0.453125', '0.260422', '0.161453']",Normal Belt (3),REMOVED_BACKGROUND_BOX,"Clean rubber context is true negative background, not localized object"
train,frame_00097_jpg.rf.089abcc0aa4be83c175a4f0bad602d3c.jpg,"['0.352859', '0.260422', '0.169266', '0.098953']",Normal Belt (3),REMOVED_BACKGROUND_BOX,"Clean rubber context is true negative background, not localized object"
train,frame_00097_jpg.rf.089abcc0aa4be83c175a4f0bad602d3c.jpg,"['0.895828', '0.421875', '0.135422', '0.229172']",Normal Belt (3),REMOVED_BACKGROUND_BOX,"Clean rubber context is true negative background, not localized object"
train,frame_00097_jpg.rf.2f7676c8ebbeacd07eef050597643b59.jpg,"['0.640625', '0.399734', '0.161453', '0.247391']",Normal Belt (3),REMOVED_BACKGROUND_BOX,"Clean rubber context is true negative background, not localized object"
train,frame_00097_jpg.rf.2f7676c8ebbeacd07eef050597643b59.jpg,"['0.313797', '0.811203', '0.190109', '0.309891']",Normal Belt (3),REMOVED_BACKGROUND_BOX,"Clean rubber context is true negative background, not localized object"
train,frame_00098_jpg.rf.e2f184e14e5c49e4918a3b8f897ea584.jpg,"['0.725266', '0.446609', '0.408859', '0.101562']",Normal Belt (3),REMOVED_BACKGROUND_BOX,"Clean rubber context is true negative background, not localized object"
train,frame_00099_jpg.rf.86c700d67db41c386ca3cdb733eb54c1.jpg,"['0.591141', '0.532547', '0.578125', '0.127609']",Normal Belt (3),REMOVED_BACKGROUND_BOX,"Clean rubber context is true negative background, not localized object"
train,frame_00099_jpg.rf.86c700d67db41c386ca3cdb733eb54c1.jpg,"['0.809891', '0.359375', '0.348953', '0.104172']",Normal Belt (3),REMOVED_BACKGROUND_BOX,"Clean rubber context is true negative background, not localized object"
train,frame_00100_jpg.rf.9b26930109b8d694df8cc71cd78f0633.jpg,"['0.610672', '0.436203', '0.700516', '0.299484']",Normal Belt (3),REMOVED_BACKGROUND_BOX,"Clean rubber context is true negative background, not localized object"
train,frame_00101_jpg.rf.006cb43f0d59b252a0bda660dccb2177.jpg,"['0.388016', '0.368484', '0.635422', '0.346359']",Normal Belt (3),REMOVED_BACKGROUND_BOX,"Clean rubber context is true negative background, not localized object"
train,frame_00103_jpg.rf.00b324ab7c066d8f8d7f6322599b3941.jpg,"['0.712234', '0.395828', '0.268234', '0.244797']",Normal Belt (3),REMOVED_BACKGROUND_BOX,"Clean rubber context is true negative background, not localized object"
train,frame_00104_jpg.rf.9c59e812c20eda7a8f1049ae5bc1fb0e.jpg,"['0.555984', '0.352859', '0.325516', '0.304688']",Normal Belt (3),REMOVED_BACKGROUND_BOX,"Clean rubber context is true negative background, not localized object"
train,frame_00106_jpg.rf.66c01adefaa664049888e17a96463474.jpg,"['0.330734', '0.365891', '0.546875', '0.351562']",Normal Belt (3),REMOVED_BACKGROUND_BOX,"Clean rubber context is true negative background, not localized object"
train,frame_00106_jpg.rf.d74973aeb96a2286e2ff0af46547676d.jpg,"['0.442703', '0.486984', '0.666672', '0.192703']",Normal Belt (3),REMOVED_BACKGROUND_BOX,"Clean rubber context is true negative background, not localized object"
train,frame_00107_jpg.rf.cefbb6849466e2fe63487d8f67cbbf83.jpg,"['0.742188', '0.376297', '0.401047', '0.283859']",Normal Belt (3),REMOVED_BACKGROUND_BOX,"Clean rubber context is true negative background, not localized object"
train,frame_00108_jpg.rf.a1d24cc58c7bca2b3967c9b335d4aa1a.jpg,"['0.488281', '0.377609', '0.398438', '0.255203']",Normal Belt (3),REMOVED_BACKGROUND_BOX,"Clean rubber context is true negative background, not localized object"
train,frame_00109_jpg.rf.b63ab4e3efb3483cfe7d129650b66942.jpg,"['0.173172', '0.429688', '0.200516', '0.140625']",Normal Belt (3),REMOVED_BACKGROUND_BOX,"Clean rubber context is true negative background, not localized object"
train,frame_00109_jpg.rf.b63ab4e3efb3483cfe7d129650b66942.jpg,"['0.171875', '0.251297', '0.109375', '0.117188']",Normal Belt (3),REMOVED_BACKGROUND_BOX,"Clean rubber context is true negative background, not localized object"
train,frame_00109_jpg.rf.b63ab4e3efb3483cfe7d129650b66942.jpg,"['0.777344', '0.311203', '0.361984', '0.205734']",Normal Belt (3),REMOVED_BACKGROUND_BOX,"Clean rubber context is true negative background, not localized object"
train,frame_00110_jpg.rf.42313121e547feec62a2f7cdb015bda2.jpg,"['0.162766', '0.471359', '0.210938', '0.161453']",Normal Belt (3),REMOVED_BACKGROUND_BOX,"Clean rubber context is true negative background, not localized object"
train,frame_00110_jpg.rf.42313121e547feec62a2f7cdb015bda2.jpg,"['0.605469', '0.476562', '0.372391', '0.093750']",Normal Belt (3),REMOVED_BACKGROUND_BOX,"Clean rubber context is true negative background, not localized object"
train,frame_00111_jpg.rf.a639ac443daad7b5631a22d5b1490fa6.jpg,"['0.619797', '0.441406', '0.473953', '0.169266']",Normal Belt (3),REMOVED_BACKGROUND_BOX,"Clean rubber context is true negative background, not localized object"
train,frame_00112_jpg.rf.84315d186bf506f996d73d0b32082171.jpg,"['0.601562', '0.390625', '0.281250', '0.250000']",Normal Belt (3),REMOVED_BACKGROUND_BOX,"Clean rubber context is true negative background, not localized object"
train,frame_00113_jpg.rf.3c24baa5375ef67e96377d9a4487b941.jpg,"['0.766922', '0.377609', '0.414062', '0.291672']",Normal Belt (3),REMOVED_BACKGROUND_BOX,"Clean rubber context is true negative background, not localized object"
train,frame_00114_jpg.rf.bf68c9ffe229d1310914a1b699898b03.jpg,"['0.408859', '0.406250', '0.130203', '0.114578']",Normal Belt (3),REMOVED_BACKGROUND_BOX,"Clean rubber context is true negative background, not localized object"
train,frame_00114_jpg.rf.bf68c9ffe229d1310914a1b699898b03.jpg,"['0.583328', '0.522141', '0.093750', '0.111984']",Normal Belt (3),REMOVED_BACKGROUND_BOX,"Clean rubber context is true negative background, not localized object"
train,frame_00114_jpg.rf.bf68c9ffe229d1310914a1b699898b03.jpg,"['0.770828', '0.350266', '0.156250', '0.195312']",Normal Belt (3),REMOVED_BACKGROUND_BOX,"Clean rubber context is true negative background, not localized object"
train,frame_00114_jpg.rf.bf68c9ffe229d1310914a1b699898b03.jpg,"['0.548172', '0.298172', '0.085938', '0.111984']",Normal Belt (3),REMOVED_BACKGROUND_BOX,"Clean rubber context is true negative background, not localized object"
train,frame_00115_jpg.rf.28b4796023ae92201ed0b6b52dcef9a5.jpg,"['0.311203', '0.398438', '0.450516', '0.229172']",Normal Belt (3),REMOVED_BACKGROUND_BOX,"Clean rubber context is true negative background, not localized object"
train,frame_00116_jpg.rf.08b34aaaa777a3d5d55fa22ff11b14de.jpg,"['0.313797', '0.460938', '0.320312', '0.166672']",Normal Belt (3),REMOVED_BACKGROUND_BOX,"Clean rubber context is true negative background, not localized object"
train,frame_00117_jpg.rf.dc8b15753471ed38160b14b362032076.jpg,"['0.611984', '0.411453', '0.114578', '0.375000']",Normal Belt (3),REMOVED_BACKGROUND_BOX,"Clean rubber context is true negative background, not localized object"
train,frame_00117_jpg.rf.dc8b15753471ed38160b14b362032076.jpg,"['0.871094', '0.458328', '0.153641', '0.218750']",Normal Belt (3),REMOVED_BACKGROUND_BOX,"Clean rubber context is true negative background, not localized object"
train,frame_00119_jpg.rf.289a50dfca24fa6b302d90498165896d.jpg,"['0.188797', '0.416672', '0.289062', '0.244797']",Normal Belt (3),REMOVED_BACKGROUND_BOX,"Clean rubber context is true negative background, not localized object"
train,frame_00119_jpg.rf.289a50dfca24fa6b302d90498165896d.jpg,"['0.531250', '0.545578', '0.239578', '0.096359']",Normal Belt (3),REMOVED_BACKGROUND_BOX,"Clean rubber context is true negative background, not localized object"
train,frame_00119_jpg.rf.3775ae1353159f616a1e6d4188664454.jpg,"['0.610672', '0.557297', '0.669266', '0.255203']",Normal Belt (3),REMOVED_BACKGROUND_BOX,"Clean rubber context is true negative background, not localized object"
train,frame_00121_jpg.rf.e676092e667ba16cc8dbaea2e3f6e68e.jpg,"['0.139328', '0.430984', '0.132812', '0.268234']",Normal Belt (3),REMOVED_BACKGROUND_BOX,"Clean rubber context is true negative background, not localized object"
train,frame_00121_jpg.rf.e676092e667ba16cc8dbaea2e3f6e68e.jpg,"['0.851562', '0.434891', '0.156250', '0.125000']",Normal Belt (3),REMOVED_BACKGROUND_BOX,"Clean rubber context is true negative background, not localized object"
train,frame_00122_jpg.rf.2b6e6a949ebb789b76b27f54547b6100.jpg,"['0.838547', '0.536453', '0.151047', '0.322922']",Normal Belt (3),REMOVED_BACKGROUND_BOX,"Clean rubber context is true negative background, not localized object"
train,frame_00122_jpg.rf.2b6e6a949ebb789b76b27f54547b6100.jpg,"['0.113281', '0.516922', '0.127609', '0.361984']",Normal Belt (3),REMOVED_BACKGROUND_BOX,"Clean rubber context is true negative background, not localized object"
train,frame_00122_jpg.rf.ef82374d953643dc00d5b2e740175659.jpg,"['0.770828', '0.424484', '0.317703', '0.135422']",Normal Belt (3),REMOVED_BACKGROUND_BOX,"Clean rubber context is true negative background, not localized object"
train,frame_00123_jpg.rf.6f84b5a6de9b5a3127558f24371d6f55.jpg,"['0.634109', '0.453125', '0.497391', '0.369797']",Normal Belt (3),REMOVED_BACKGROUND_BOX,"Clean rubber context is true negative background, not localized object"
train,frame_00124_jpg.rf.db15bd75394c65b38849062d916baa6a.jpg,"['0.305984', '0.447922', '0.523438', '0.369797']",Normal Belt (3),REMOVED_BACKGROUND_BOX,"Clean rubber context is true negative background, not localized object"
train,frame_00126_jpg.rf.f2050ff5ea4bd64e8a4ffd0f4ace0ce2.jpg,"['0.436203', '0.463547', '0.127609', '0.328125']",Normal Belt (3),REMOVED_BACKGROUND_BOX,"Clean rubber context is true negative background, not localized object"
train,frame_00126_jpg.rf.f2050ff5ea4bd64e8a4ffd0f4ace0ce2.jpg,"['0.651047', '0.472656', '0.177078', '0.398438']",Normal Belt (3),REMOVED_BACKGROUND_BOX,"Clean rubber context is true negative background, not localized object"
train,frame_00126_jpg.rf.f2050ff5ea4bd64e8a4ffd0f4ace0ce2.jpg,"['0.904953', '0.514328', '0.132812', '0.372391']",Normal Belt (3),REMOVED_BACKGROUND_BOX,"Clean rubber context is true negative background, not localized object"
train,frame_00126_jpg.rf.f2050ff5ea4bd64e8a4ffd0f4ace0ce2_aug_hvflip_2.jpg,"['0.348953', '0.527344', '0.177078', '0.398438']",Normal Belt (3),REMOVED_BACKGROUND_BOX,"Clean rubber context is true negative background, not localized object"
train,frame_00126_jpg.rf.f2050ff5ea4bd64e8a4ffd0f4ace0ce2_aug_hvflip_2.jpg,"['0.095047', '0.485672', '0.132812', '0.372391']",Normal Belt (3),REMOVED_BACKGROUND_BOX,"Clean rubber context is true negative background, not localized object"
train,frame_00126_jpg.rf.f2050ff5ea4bd64e8a4ffd0f4ace0ce2_aug_vflip_1.jpg,"['0.436203', '0.536453', '0.127609', '0.328125']",Normal Belt (3),REMOVED_BACKGROUND_BOX,"Clean rubber context is true negative background, not localized object"
train,frame_00126_jpg.rf.f2050ff5ea4bd64e8a4ffd0f4ace0ce2_aug_vflip_1.jpg,"['0.651047', '0.527344', '0.177078', '0.398438']",Normal Belt (3),REMOVED_BACKGROUND_BOX,"Clean rubber context is true negative background, not localized object"
train,frame_00126_jpg.rf.f2050ff5ea4bd64e8a4ffd0f4ace0ce2_aug_vflip_1.jpg,"['0.904953', '0.485672', '0.132812', '0.372391']",Normal Belt (3),REMOVED_BACKGROUND_BOX,"Clean rubber context is true negative background, not localized object"
train,frame_00128_jpg.rf.338fdca7701bd7c0e61f430a67dda654.jpg,"['0.256516', '0.515625', '0.205734', '0.151047']",Normal Belt (3),REMOVED_BACKGROUND_BOX,"Clean rubber context is true negative background, not localized object"
train,frame_00129_jpg.rf.7719d1d835cab947ea466cdf7469001a.jpg,"['0.274734', '0.496094', '0.273438', '0.320312']",Normal Belt (3),REMOVED_BACKGROUND_BOX,"Clean rubber context is true negative background, not localized object"
train,frame_00130_jpg.rf.4411bebdb5be05dc67be5bddfe26f88b.jpg,"['0.177078', '0.466141', '0.250000', '0.359375']",Normal Belt (3),REMOVED_BACKGROUND_BOX,"Clean rubber context is true negative background, not localized object"
train,frame_00130_jpg.rf.4411bebdb5be05dc67be5bddfe26f88b.jpg,"['0.804688', '0.584641', '0.203125', '0.184891']",Normal Belt (3),REMOVED_BACKGROUND_BOX,"Clean rubber context is true negative background, not localized object"
train,frame_00130_jpg.rf.4411bebdb5be05dc67be5bddfe26f88b_aug_contrast_1.jpg,"['0.177078', '0.466141', '0.250000', '0.359375']",Normal Belt (3),REMOVED_BACKGROUND_BOX,"Clean rubber context is true negative background, not localized object"
train,frame_00130_jpg.rf.4411bebdb5be05dc67be5bddfe26f88b_aug_contrast_1.jpg,"['0.804688', '0.584641', '0.203125', '0.184891']",Normal Belt (3),REMOVED_BACKGROUND_BOX,"Clean rubber context is true negative background, not localized object"
train,frame_00130_jpg.rf.4411bebdb5be05dc67be5bddfe26f88b_aug_hflip_0.jpg,"['0.822922', '0.466141', '0.250000', '0.359375']",Normal Belt (3),REMOVED_BACKGROUND_BOX,"Clean rubber context is true negative background, not localized object"
train,frame_00130_jpg.rf.4411bebdb5be05dc67be5bddfe26f88b_aug_hflip_0.jpg,"['0.195312', '0.584641', '0.203125', '0.184891']",Normal Belt (3),REMOVED_BACKGROUND_BOX,"Clean rubber context is true negative background, not localized object"
train,frame_00131_jpg.rf.8aff8c3afc6564a1e458acb76f1fb0bb.jpg,"['0.674484', '0.536453', '0.333328', '0.223953']",Normal Belt (3),REMOVED_BACKGROUND_BOX,"Clean rubber context is true negative background, not localized object"
train,frame_00131_jpg.rf.8aff8c3afc6564a1e458acb76f1fb0bb.jpg,"['0.722656', '0.338547', '0.257812', '0.078125']",Normal Belt (3),REMOVED_BACKGROUND_BOX,"Clean rubber context is true negative background, not localized object"
train,frame_00131_jpg.rf.8aff8c3afc6564a1e458acb76f1fb0bb_aug_contrast_1.jpg,"['0.674484', '0.536453', '0.333328', '0.223953']",Normal Belt (3),REMOVED_BACKGROUND_BOX,"Clean rubber context is true negative background, not localized object"
train,frame_00131_jpg.rf.8aff8c3afc6564a1e458acb76f1fb0bb_aug_contrast_1.jpg,"['0.722656', '0.338547', '0.257812', '0.078125']",Normal Belt (3),REMOVED_BACKGROUND_BOX,"Clean rubber context is true negative background, not localized object"
train,frame_00131_jpg.rf.8aff8c3afc6564a1e458acb76f1fb0bb_aug_hflip_0.jpg,"['0.325516', '0.536453', '0.333328', '0.223953']",Normal Belt (3),REMOVED_BACKGROUND_BOX,"Clean rubber context is true negative background, not localized object"
train,frame_00131_jpg.rf.8aff8c3afc6564a1e458acb76f1fb0bb_aug_hflip_0.jpg,"['0.277344', '0.338547', '0.257812', '0.078125']",Normal Belt (3),REMOVED_BACKGROUND_BOX,"Clean rubber context is true negative background, not localized object"
train,frame_00132_jpg.rf.816b54bff7d7c1db1cffa085f95eb41f.jpg,"['0.290359', '0.453125', '0.231766', '0.312500']",Normal Belt (3),REMOVED_BACKGROUND_BOX,"Clean rubber context is true negative background, not localized object"
train,frame_00132_jpg.rf.816b54bff7d7c1db1cffa085f95eb41f_aug_contrast_1.jpg,"['0.290359', '0.453125', '0.231766', '0.312500']",Normal Belt (3),REMOVED_BACKGROUND_BOX,"Clean rubber context is true negative background, not localized object"
train,frame_00132_jpg.rf.816b54bff7d7c1db1cffa085f95eb41f_aug_hflip_0.jpg,"['0.709641', '0.453125', '0.231766', '0.312500']",Normal Belt (3),REMOVED_BACKGROUND_BOX,"Clean rubber context is true negative background, not localized object"
train,frame_00134_jpg.rf.92113ddaeb18d60c3d074b0bbe4f9c70.jpg,"['0.427078', '0.500000', '0.354172', '0.307297']",Normal Belt (3),REMOVED_BACKGROUND_BOX,"Clean rubber context is true negative background, not localized object"
train,frame_00135_jpg.rf.fd7c6c2f8a055276d7da5d1fb3c8e0a5.jpg,"['0.634109', '0.531250', '0.106766', '0.098953']",Normal Belt (3),REMOVED_BACKGROUND_BOX,"Clean rubber context is true negative background, not localized object"
train,frame_00135_jpg.rf.fd7c6c2f8a055276d7da5d1fb3c8e0a5_aug_contrast_1.jpg,"['0.634109', '0.531250', '0.106766', '0.098953']",Normal Belt (3),REMOVED_BACKGROUND_BOX,"Clean rubber context is true negative background, not localized object"
train,frame_00135_jpg.rf.fd7c6c2f8a055276d7da5d1fb3c8e0a5_aug_hflip_0.jpg,"['0.365891', '0.531250', '0.106766', '0.098953']",Normal Belt (3),REMOVED_BACKGROUND_BOX,"Clean rubber context is true negative background, not localized object"
train,frame_00136_jpg.rf.0933f4c60a61ddd751562e77d012647a.jpg,"['0.566406', '0.527344', '0.091141', '0.382812']",Normal Belt (3),REMOVED_BACKGROUND_BOX,"Clean rubber context is true negative background, not localized object"
train,frame_00136_jpg.rf.0933f4c60a61ddd751562e77d012647a.jpg,"['0.766922', '0.524734', '0.153641', '0.377609']",Normal Belt (3),REMOVED_BACKGROUND_BOX,"Clean rubber context is true negative background, not localized object"
train,frame_00136_jpg.rf.0933f4c60a61ddd751562e77d012647a.jpg,"['0.915359', '0.528641', '0.101562', '0.369797']",Normal Belt (3),REMOVED_BACKGROUND_BOX,"Clean rubber context is true negative background, not localized object"
train,frame_00136_jpg.rf.0933f4c60a61ddd751562e77d012647a_aug_contrast_1.jpg,"['0.566406', '0.527344', '0.091141', '0.382812']",Normal Belt (3),REMOVED_BACKGROUND_BOX,"Clean rubber context is true negative background, not localized object"
train,frame_00136_jpg.rf.0933f4c60a61ddd751562e77d012647a_aug_contrast_1.jpg,"['0.766922', '0.524734', '0.153641', '0.377609']",Normal Belt (3),REMOVED_BACKGROUND_BOX,"Clean rubber context is true negative background, not localized object"
train,frame_00136_jpg.rf.0933f4c60a61ddd751562e77d012647a_aug_contrast_1.jpg,"['0.915359', '0.528641', '0.101562', '0.369797']",Normal Belt (3),REMOVED_BACKGROUND_BOX,"Clean rubber context is true negative background, not localized object"
train,frame_00136_jpg.rf.0933f4c60a61ddd751562e77d012647a_aug_hflip_0.jpg,"['0.433594', '0.527344', '0.091141', '0.382812']",Normal Belt (3),REMOVED_BACKGROUND_BOX,"Clean rubber context is true negative background, not localized object"
train,frame_00136_jpg.rf.0933f4c60a61ddd751562e77d012647a_aug_hflip_0.jpg,"['0.233078', '0.524734', '0.153641', '0.377609']",Normal Belt (3),REMOVED_BACKGROUND_BOX,"Clean rubber context is true negative background, not localized object"
train,frame_00136_jpg.rf.0933f4c60a61ddd751562e77d012647a_aug_hflip_0.jpg,"['0.084641', '0.528641', '0.101562', '0.369797']",Normal Belt (3),REMOVED_BACKGROUND_BOX,"Clean rubber context is true negative background, not localized object"
train,frame_00137_jpg.rf.5a218ff005e1500e85dd867ea1794ea2.jpg,"['0.589844', '0.545578', '0.617188', '0.205734']",Normal Belt (3),REMOVED_BACKGROUND_BOX,"Clean rubber context is true negative background, not localized object"
train,frame_00139_jpg.rf.d8ac4ec538406e8c87b94eb32823b952.jpg,"['0.304688', '0.572922', '0.244797', '0.125000']",Normal Belt (3),REMOVED_BACKGROUND_BOX,"Clean rubber context is true negative background, not localized object"
train,frame_00139_jpg.rf.d8ac4ec538406e8c87b94eb32823b952.jpg,"['0.079422', '0.509109', '0.080734', '0.356766']",Normal Belt (3),REMOVED_BACKGROUND_BOX,"Clean rubber context is true negative background, not localized object"
