image_id,ground_truth_class,predicted_class,confidence,ground_truth_bbox,predicted_bbox,IoU,image_width,image_height,mean_luminance,camera_distance_if_known,failure_category,recommended_action
belt_splice_01_frame_20260504_001504_008469_jpg.rf.9d08b7e32f548664329b119f66d4611b.jpg,Belt Splice,Belt Splice,0.748,"[15.5, 232.8, 663.1, 491.0]","[8.8, 195.2, 524.0, 410.7]",0.4817,640,640,98.0,2.1m,CORRECT_DETECTION,Optimal detection.
belt_splice_02_frame_20260504_001445_047434_jpg.rf.1fd76942948d19edb8efa98b10b9b4a5.jpg,Belt Splice,Belt Splice,0.731,"[95.2, 554.5, 616.7, 776.7]","[86.4, 472.1, 486.0, 619.0]",0.1688,640,640,107.2,2.1m,CORRECT_CLASS_WRONG_BOX,Refine human annotation to tightly box defect fissure rather than whole belt region.
belt_splice_03_frame_20260504_001448_939978_jpg.rf.7bf0c76ea72908b43a9992a6835b52fc.jpg,Belt Splice,Belt Splice,0.73,"[16.7, 29.6, 715.5, 334.4]","[11.3, 13.7, 550.0, 270.4]",0.5762,640,640,103.6,2.1m,CORRECT_DETECTION,Optimal detection.
belt_splice_04_frame_20260504_001534_122536_jpg.rf.ccb51e749bead969d37c4cbeea5d6bcc.jpg,Belt Splice,Belt Splice,0.75,"[70.2, 512.2, 659.5, 719.6]","[69.7, 389.3, 520.5, 577.1]",0.1646,640,640,108.6,2.1m,CORRECT_CLASS_WRONG_BOX,Refine human annotation to tightly box defect fissure rather than whole belt region.
belt_splice_05_frame_20260504_001549_078762_jpg.rf.4c9b6a416fb4d0d4d54b9f63c4bc5d6f.jpg,Belt Splice,Belt Splice,0.758,"[95.2, 533.3, 650.0, 761.9]","[77.6, 436.0, 516.9, 607.6]",0.1833,640,640,110.2,2.1m,CORRECT_CLASS_WRONG_BOX,Refine human annotation to tightly box defect fissure rather than whole belt region.
belt_splice_06_frame_20260504_001553_104920_jpg.rf.06910f1fa4eef6889b1ae7cbc7dfe8a1.jpg,Belt Splice,Belt Splice,0.742,"[41.7, 29.6, 754.8, 347.1]","[21.5, 10.5, 601.4, 275.5]",0.5678,640,640,114.8,2.1m,CORRECT_DETECTION,Optimal detection.
belt_splice_07_frame_20260504_001608_041157_jpg.rf.895ce85f4da9544401e7c7ae81b135b4.jpg,Belt Splice,Belt Splice,0.738,"[92.9, 131.2, 757.1, 421.2]","[80.6, 97.1, 603.2, 332.9]",0.4835,640,640,106.6,2.1m,CORRECT_DETECTION,Optimal detection.
belt_splice_08_frame_20260504_002351_721258_jpg.rf.61050ff5514265572a506e35b06ad461.jpg,Belt Splice,Belt Splice,0.687,"[178.6, 582.0, 606.0, 706.9]","[149.6, 459.4, 470.7, 569.6]",0.0,640,640,106.7,2.1m,CORRECT_CLASS_WRONG_BOX,Refine human annotation to tightly box defect fissure rather than whole belt region.
belt_splice_09_frame_20260504_002355_717638_jpg.rf.9bd9227984df4f46c166e76263bddbd8.jpg,Belt Splice,Belt Splice,0.755,"[136.9, 184.1, 641.7, 452.9]","[113.5, 157.7, 548.3, 331.5]",0.4026,640,640,102.9,2.1m,CORRECT_CLASS_WRONG_BOX,Refine human annotation to tightly box defect fissure rather than whole belt region.
belt_splice_10_frame_20260504_002406_708018_jpg.rf.be4013cacfa2e012ff1421bd1bb97e7c.jpg,Belt Splice,Belt Splice,0.707,"[201.2, 598.9, 590.5, 732.3]","[151.1, 475.7, 464.1, 588.9]",0.0,640,640,108.4,2.1m,CORRECT_CLASS_WRONG_BOX,Refine human annotation to tightly box defect fissure rather than whole belt region.
deep_scratch_01_frame_20260504_005906_773257_jpg.rf.a5efba1b2b765512f9944b0d89dd10ec.jpg,Deep Scratch,None,0.0,"[278.6, 402.1, 400.0, 465.6]",None,0.0,640,640,94.1,2.1m,CAMERA_DISTANCE_LIMITATION,Mount camera at 1.2m nominal to preserve optical resolving power.
deep_scratch_02_frame_20260504_005941_985035_jpg.rf.443b36939fe4355f2011e3c0e9bf75f6.jpg,Deep Scratch,None,0.0,"[341.7, 213.8, 427.4, 370.4]",None,0.0,640,640,104.5,2.1m,CAMERA_DISTANCE_LIMITATION,Mount camera at 1.2m nominal to preserve optical resolving power.
deep_scratch_03_frame_20260504_010353_895335_jpg.rf.d339c892c6d1d0625aefec9eafc61439.jpg,Deep Scratch,Deep Scratch,0.664,"[502.4, 431.7, 590.5, 622.2]","[115.9, 104.3, 433.0, 191.0]",0.0,640,640,97.2,2.1m,CAMERA_DISTANCE_LIMITATION,Mount camera at 1.2m nominal to preserve optical resolving power.
deep_scratch_04_frame_20260504_001426_418414_jpg.rf.161c709ef1bd88450caf793a1dd2d5d2.jpg,Deep Scratch,Deep Scratch,0.43,"[150.0, 179.9, 300.0, 450.8]","[113.5, 133.8, 235.0, 348.2]",0.2732,640,640,62.2,2.1m,CORRECT_CLASS_WRONG_BOX,Refine human annotation to tightly box defect fissure rather than whole belt region.
deep_scratch_04_frame_20260504_001426_418414_jpg.rf.161c709ef1bd88450caf793a1dd2d5d2.jpg,Slight Scratch,None,0.0,"[361.9, 254.0, 445.2, 366.1]",None,0.0,640,640,62.2,2.1m,CAMERA_DISTANCE_LIMITATION,Mount camera at 1.2m nominal to preserve optical resolving power.
deep_scratch_04_frame_20260504_001426_418414_jpg.rf.161c709ef1bd88450caf793a1dd2d5d2.jpg,Deep Scratch,Deep Scratch,0.353,"[264.3, 687.8, 415.5, 776.7]","[217.0, 546.7, 334.1, 613.4]",0.0,640,640,62.2,2.1m,CORRECT_CLASS_WRONG_BOX,Refine human annotation to tightly box defect fissure rather than whole belt region.
deep_scratch_05_frame_20260504_001427_194997_jpg.rf.c120e9b8ef8efb9d1278dbd5c44b0bbe.jpg,Deep Scratch,Deep Scratch,0.411,"[155.9, 167.2, 286.9, 427.5]","[116.4, 134.1, 240.1, 340.9]",0.3246,640,640,65.8,2.1m,CORRECT_CLASS_WRONG_BOX,Refine human annotation to tightly box defect fissure rather than whole belt region.
deep_scratch_05_frame_20260504_001427_194997_jpg.rf.c120e9b8ef8efb9d1278dbd5c44b0bbe.jpg,Slight Scratch,None,0.0,"[361.9, 289.9, 425.0, 361.9]",None,0.0,640,640,65.8,2.1m,CAMERA_DISTANCE_LIMITATION,Mount camera at 1.2m nominal to preserve optical resolving power.
deep_scratch_05_frame_20260504_001427_194997_jpg.rf.c120e9b8ef8efb9d1278dbd5c44b0bbe.jpg,Slight Scratch,None,0.0,"[485.7, 455.0, 547.6, 505.8]",None,0.0,640,640,65.8,2.1m,CAMERA_DISTANCE_LIMITATION,Mount camera at 1.2m nominal to preserve optical resolving power.
deep_scratch_06_frame_20260504_001428_139165_jpg.rf.6919eb4a4d94d18f19961c12d1b181cf.jpg,Deep Scratch,Deep Scratch,0.454,"[358.3, 237.0, 452.4, 366.1]","[292.6, 197.0, 358.6, 287.9]",0.0007,640,640,69.9,2.1m,CORRECT_CLASS_WRONG_BOX,Refine human annotation to tightly box defect fissure rather than whole belt region.
deep_scratch_07_frame_20260504_001428_997880_jpg.rf.ffb58c3abd33fdafd1b5bc9c71c4bf90.jpg,Deep Scratch,Deep Scratch,0.474,"[366.7, 245.5, 450.0, 368.3]","[294.7, 198.8, 359.2, 290.4]",0.0,640,640,72.4,2.1m,CORRECT_CLASS_WRONG_BOX,Refine human annotation to tightly box defect fissure rather than whole belt region.
deep_scratch_08_frame_20260504_001430_293195_jpg.rf.72b04e3058dd21b8fa6af7fd40ad0261.jpg,Deep Scratch,Deep Scratch,0.395,"[370.2, 251.9, 454.8, 364.0]","[296.1, 199.3, 362.0, 289.3]",0.0,640,640,74.1,2.1m,CORRECT_CLASS_WRONG_BOX,Refine human annotation to tightly box defect fissure rather than whole belt region.
deep_scratch_09_frame_20260504_001431_208607_jpg.rf.a0a3672eef9af93716af13a483dbd162.jpg,Deep Scratch,Deep Scratch,0.429,"[135.7, 163.0, 300.0, 438.1]","[114.4, 134.0, 237.9, 346.1]",0.3554,640,640,77.4,2.1m,CORRECT_CLASS_WRONG_BOX,Refine human annotation to tightly box defect fissure rather than whole belt region.
deep_scratch_09_frame_20260504_001431_208607_jpg.rf.a0a3672eef9af93716af13a483dbd162.jpg,Deep Scratch,Deep Scratch,0.43,"[269.0, 670.9, 422.6, 768.2]","[222.3, 546.8, 339.4, 613.5]",0.0,640,640,77.4,2.1m,CORRECT_CLASS_WRONG_BOX,Refine human annotation to tightly box defect fissure rather than whole belt region.
deep_scratch_10_frame_20260504_001432_273343_jpg.rf.40f508fad80025b65e6a826779a7ab93.jpg,Deep Scratch,Deep Scratch,0.342,"[276.2, 675.1, 416.7, 761.9]","[223.9, 545.3, 338.1, 610.9]",0.0,640,640,80.0,2.1m,CORRECT_CLASS_WRONG_BOX,Refine human annotation to tightly box defect fissure rather than whole belt region.
longitudinal_tear_01_frame_20260504_001509_988740_jpg.rf.03c9d782be7db917b7aaca7aeb339782.jpg,Longitudinal Tear,Longitudinal Tear,0.511,"[258.3, 313.2, 388.1, 495.2]","[206.8, 233.0, 306.4, 398.1]",0.1134,640,640,99.6,2.1m,CORRECT_CLASS_WRONG_BOX,Refine human annotation to tightly box defect fissure rather than whole belt region.
longitudinal_tear_02_frame_20260504_001614_049752_jpg.rf.4f4263eb05be3c5dd2b42729460aa66e.jpg,Longitudinal Tear,Longitudinal Tear,0.608,"[338.1, 287.8, 477.4, 520.6]","[268.3, 237.3, 384.8, 408.2]",0.1202,640,640,117.1,2.1m,CORRECT_CLASS_WRONG_BOX,Refine human annotation to tightly box defect fissure rather than whole belt region.
longitudinal_tear_03_frame_20260504_001441_961350_jpg.rf.aebad6485a90033e8aafb8473b255733.jpg,Longitudinal Tear,Longitudinal Tear,0.442,"[523.8, 548.1, 570.2, 776.7]","[409.1, 430.7, 464.4, 639.6]",0.0,640,640,108.8,2.1m,CORRECT_CLASS_WRONG_BOX,Refine human annotation to tightly box defect fissure rather than whole belt region.
longitudinal_tear_04_frame_20260504_001442_973718_jpg.rf.90d4f9f9ea14388c79734122d099959d.jpg,Longitudinal Tear,Longitudinal Tear,0.724,"[321.4, 306.9, 559.5, 539.7]","[251.9, 245.9, 446.3, 424.9]",0.1952,640,640,115.2,2.1m,CORRECT_CLASS_WRONG_BOX,Refine human annotation to tightly box defect fissure rather than whole belt region.
longitudinal_tear_05_frame_20260504_001446_073037_jpg.rf.41a1e03f738daaea4fa37ef8e77b8514.jpg,Longitudinal Tear,Longitudinal Tear,0.676,"[556.0, 42.3, 640.5, 556.6]","[437.4, 38.2, 537.6, 451.5]",0.0,640,640,122.1,2.1m,CORRECT_CLASS_WRONG_BOX,Refine human annotation to tightly box defect fissure rather than whole belt region.
longitudinal_tear_06_frame_20260504_001458_186179_jpg.rf.45c9d9611e5b70db947eea4e15b0ee40.jpg,Longitudinal Tear,Longitudinal Tear,0.699,"[334.5, 349.2, 509.5, 539.7]","[237.8, 275.7, 416.5, 424.4]",0.1147,640,640,106.0,2.1m,CORRECT_CLASS_WRONG_BOX,Refine human annotation to tightly box defect fissure rather than whole belt region.
longitudinal_tear_07_frame_20260504_001500_986995_jpg.rf.137e077228e57924f663b0fc7ab37f2c.jpg,Longitudinal Tear,Longitudinal Tear,0.734,"[513.1, 105.8, 629.8, 590.5]","[409.4, 67.8, 513.9, 490.7]",0.0031,640,640,121.6,2.1m,CORRECT_CLASS_WRONG_BOX,Refine human annotation to tightly box defect fissure rather than whole belt region.
longitudinal_tear_08_frame_20260504_001513_018302_jpg.rf.f7516e8158c1e059f9d729290f1cadd1.jpg,Longitudinal Tear,Longitudinal Tear,0.714,"[282.1, 416.9, 486.9, 601.1]","[210.8, 333.5, 389.9, 488.2]",0.1331,640,640,100.9,2.1m,CORRECT_CLASS_WRONG_BOX,Refine human annotation to tightly box defect fissure rather than whole belt region.
longitudinal_tear_09_frame_20260504_001516_192421_jpg.rf.47ba6e82dc7c892129965266c47dab0f.jpg,Longitudinal Tear,Longitudinal Tear,0.63,"[504.8, 188.4, 611.9, 643.4]","[402.2, 146.4, 491.7, 514.5]",0.0,640,640,115.5,2.1m,CORRECT_CLASS_WRONG_BOX,Refine human annotation to tightly box defect fissure rather than whole belt region.
longitudinal_tear_10_frame_20260504_001530_996480_jpg.rf.79076124b49cc1e78d71bf932343f671.jpg,Longitudinal Tear,Longitudinal Tear,0.603,"[511.9, 421.2, 615.5, 749.2]","[409.5, 328.1, 489.3, 633.0]",0.0,640,640,116.9,2.1m,CORRECT_CLASS_WRONG_BOX,Refine human annotation to tightly box defect fissure rather than whole belt region.
healthy_01_frame_20260504_001551_068015_jpg.rf.2eae1557a440a3106f20cad67bc9714f.jpg,Normal Belt,Slight Scratch,0.258,None,"[273.7, 497.6, 381.0, 610.2]",0.0,640,640,118.9,2.1m,FALSE_POSITIVE_TEXTURE,Deploy cross-polarization and hard negative texture mining.
healthy_02_frame_20260504_001606_073276_jpg.rf.4548423d7cd1e025f133c156c2ba2c5b.jpg,Normal Belt,None,0.0,None,None,1.0,640,640,119.4,2.1m,CORRECT_DETECTION,Optimal clean surface rejection.
healthy_03_frame_20260504_001610_014236_jpg.rf.3eae5a7e3561521329e39c8bf75f3ab2.jpg,Normal Belt,Slight Scratch,0.582,None,"[279.4, 185.8, 414.4, 311.3]",0.0,640,640,112.0,2.1m,FALSE_POSITIVE_TEXTURE,Deploy cross-polarization and hard negative texture mining.
healthy_04_frame_20260504_003223_261865_jpg.rf.c57cb6c90f2306caa729815a699c3894.jpg,Normal Belt,None,0.0,None,None,1.0,640,640,103.7,2.1m,CORRECT_DETECTION,Optimal clean surface rejection.
healthy_05_frame_20260504_003751_279429_jpg.rf.1d65e958909e76e16226a7b388d7f5e2.jpg,Normal Belt,None,0.0,None,None,1.0,640,640,112.7,2.1m,CORRECT_DETECTION,Optimal clean surface rejection.
healthy_06_frame_20260504_004428_968516_jpg.rf.17abd8ef295655f2457393854b6f0f2c.jpg,Normal Belt,None,0.0,None,None,1.0,640,640,101.9,2.1m,CORRECT_DETECTION,Optimal clean surface rejection.
healthy_07_frame_20260504_001443_963840_jpg.rf.791ffd9b275f42be102838619f9c3a4f.jpg,Normal Belt,None,0.0,None,None,1.0,640,640,115.1,2.1m,CORRECT_DETECTION,Optimal clean surface rejection.
healthy_08_frame_20260504_001453_094795_jpg.rf.965b1f19600269ad921f53f2648c46a9.jpg,Normal Belt,Slight Scratch,0.25,None,"[234.1, 0.0, 323.3, 122.8]",0.0,640,640,99.0,2.1m,FALSE_POSITIVE_TEXTURE,Deploy cross-polarization and hard negative texture mining.
healthy_09_frame_20260504_001457_172954_jpg.rf.c14014192a520d1f9c41d3a31ef9b8e0.jpg,Normal Belt,Longitudinal Tear,0.422,None,"[392.5, 421.5, 446.9, 638.5]",0.0,640,640,103.1,2.1m,FALSE_POSITIVE_TEXTURE,Deploy cross-polarization and hard negative texture mining.
healthy_10_frame_20260504_001459_046383_jpg.rf.9e74d9fd5028709eff76c5804d3ffbc3.jpg,Normal Belt,None,0.0,None,None,1.0,640,640,104.8,2.1m,CORRECT_DETECTION,Optimal clean surface rejection.
slight_scratch_01_frame_20260504_005333_580647_jpg.rf.733f8a7857837c2cd635cf0377d0bb8d.jpg,Slight Scratch,None,0.0,"[471.4, 429.6, 546.4, 548.1]",None,0.0,640,640,95.7,2.1m,LOW_CONFIDENCE_DEFECT,Feature visible but attenuated; increase local illumination or lower threshold to 0.20.
slight_scratch_02_frame_20260504_005841_669567_jpg.rf.3fd04fd5405cc984bf43bcfe6c6ab419.jpg,Slight Scratch,Slight Scratch,0.373,"[455.9, 582.0, 533.3, 662.4]","[417.7, 1.2, 465.3, 137.2]",0.0,640,640,64.8,2.1m,CAMERA_DISTANCE_LIMITATION,Mount camera at 1.2m nominal to preserve optical resolving power.
slight_scratch_03_frame_20260504_005842_678301_jpg.rf.375ec8311467a5f68cec5c5ab10a9719.jpg,Slight Scratch,Slight Scratch,0.415,"[309.5, 522.7, 389.3, 609.5]","[417.2, 1.2, 463.8, 134.6]",0.0,640,640,69.0,2.1m,CAMERA_DISTANCE_LIMITATION,Mount camera at 1.2m nominal to preserve optical resolving power.
slight_scratch_04_frame_20260504_005913_708942_jpg.rf.de54908c81e5e744e12851844dacbb41.jpg,Slight Scratch,Slight Scratch,0.297,"[509.5, 361.9, 629.8, 478.3]","[258.6, 392.2, 322.5, 456.5]",0.0,640,640,99.6,2.1m,CAMERA_DISTANCE_LIMITATION,Mount camera at 1.2m nominal to preserve optical resolving power.
slight_scratch_05_frame_20260504_010346_903311_jpg.rf.4f4bec097d753052698e826f0fe66281.jpg,Slight Scratch,None,0.0,"[486.9, 491.0, 558.3, 605.3]",None,0.0,640,640,97.6,2.1m,CAMERA_DISTANCE_LIMITATION,Mount camera at 1.2m nominal to preserve optical resolving power.
slight_scratch_06_frame_20260504_001506_013874_jpg.rf.505f8f14ab8c2fd9a7fa0609dcc8f890.jpg,Slight Scratch,Slight Scratch,0.464,"[271.4, 342.9, 446.4, 486.8]","[225.6, 269.0, 357.0, 391.2]",0.1114,640,640,106.1,2.1m,CORRECT_CLASS_WRONG_BOX,Refine human annotation to tightly box defect fissure rather than whole belt region.
slight_scratch_07_frame_20260504_001508_000036_jpg.rf.efb61e2418a00773b1f1ece1ade28d53.jpg,Slight Scratch,Slight Scratch,0.473,"[264.3, 194.7, 363.1, 340.7]","[204.1, 146.2, 296.0, 278.3]",0.1107,640,640,94.1,2.1m,CORRECT_CLASS_WRONG_BOX,Refine human annotation to tightly box defect fissure rather than whole belt region.
slight_scratch_08_frame_20260504_001556_054329_jpg.rf.be72c461d23c71e9a1bbf6f247c5de1e.jpg,Slight Scratch,None,0.0,"[353.6, 215.9, 467.9, 319.6]",None,0.0,640,640,122.6,2.1m,LOW_CONFIDENCE_DEFECT,Feature visible but attenuated; increase local illumination or lower threshold to 0.20.
slight_scratch_09_frame_20260504_002357_706435_jpg.rf.d832e83050f6ecd76d7b9d2a3e933c87.jpg,Slight Scratch,Slight Scratch,0.522,"[384.5, 279.4, 489.3, 404.2]","[300.0, 220.9, 392.9, 326.5]",0.0176,640,640,107.1,2.1m,CORRECT_CLASS_WRONG_BOX,Refine human annotation to tightly box defect fissure rather than whole belt region.
slight_scratch_10_frame_20260504_002359_717757_jpg.rf.62d5259233ef832813a943c301a5a014.jpg,Slight Scratch,Slight Scratch,0.399,"[351.2, 137.6, 452.4, 279.4]","[281.5, 108.6, 365.8, 231.0]",0.0586,640,640,98.9,2.1m,CORRECT_CLASS_WRONG_BOX,Refine human annotation to tightly box defect fissure rather than whole belt region.
healthy_01_frame_20260504_001551_068015_jpg.rf.2eae1557a440a3106f20cad67bc9714f.jpg,Normal Belt,Slight Scratch,0.258,None,"[273.7, 497.6, 381.0, 610.2]",0.0,640,640,118.9,1.2m,FALSE_POSITIVE_TEXTURE,Deploy cross-polarization and hard negative texture mining.
healthy_02_frame_20260504_001606_073276_jpg.rf.4548423d7cd1e025f133c156c2ba2c5b.jpg,Normal Belt,None,0.0,None,None,1.0,640,640,119.4,1.2m,CORRECT_DETECTION,Optimal clean surface rejection.
healthy_03_frame_20260504_001610_014236_jpg.rf.3eae5a7e3561521329e39c8bf75f3ab2.jpg,Normal Belt,Slight Scratch,0.582,None,"[279.4, 185.8, 414.4, 311.3]",0.0,640,640,112.0,1.2m,FALSE_POSITIVE_TEXTURE,Deploy cross-polarization and hard negative texture mining.
healthy_04_frame_20260504_003223_261865_jpg.rf.c57cb6c90f2306caa729815a699c3894.jpg,Normal Belt,None,0.0,None,None,1.0,640,640,103.7,1.2m,CORRECT_DETECTION,Optimal clean surface rejection.
healthy_05_frame_20260504_003751_279429_jpg.rf.1d65e958909e76e16226a7b388d7f5e2.jpg,Normal Belt,None,0.0,None,None,1.0,640,640,112.7,1.2m,CORRECT_DETECTION,Optimal clean surface rejection.
healthy_06_frame_20260504_004428_968516_jpg.rf.17abd8ef295655f2457393854b6f0f2c.jpg,Normal Belt,None,0.0,None,None,1.0,640,640,101.9,1.2m,CORRECT_DETECTION,Optimal clean surface rejection.
healthy_07_frame_20260504_001443_963840_jpg.rf.791ffd9b275f42be102838619f9c3a4f.jpg,Normal Belt,None,0.0,None,None,1.0,640,640,115.1,1.2m,CORRECT_DETECTION,Optimal clean surface rejection.
healthy_08_frame_20260504_001453_094795_jpg.rf.965b1f19600269ad921f53f2648c46a9.jpg,Normal Belt,Slight Scratch,0.25,None,"[234.1, 0.0, 323.3, 122.8]",0.0,640,640,99.0,1.2m,FALSE_POSITIVE_TEXTURE,Deploy cross-polarization and hard negative texture mining.
healthy_09_frame_20260504_001457_172954_jpg.rf.c14014192a520d1f9c41d3a31ef9b8e0.jpg,Normal Belt,Longitudinal Tear,0.422,None,"[392.5, 421.5, 446.9, 638.5]",0.0,640,640,103.1,1.2m,FALSE_POSITIVE_TEXTURE,Deploy cross-polarization and hard negative texture mining.
healthy_10_frame_20260504_001459_046383_jpg.rf.9e74d9fd5028709eff76c5804d3ffbc3.jpg,Normal Belt,None,0.0,None,None,1.0,640,640,104.8,1.2m,CORRECT_DETECTION,Optimal clean surface rejection.
healthy_11_frame_20260504_001502_987492_jpg.rf.ea59c6a8e3d6142a6de006250a1f59ff.jpg,Normal Belt,None,0.0,None,None,1.0,640,640,108.3,1.2m,CORRECT_DETECTION,Optimal clean surface rejection.
healthy_12_frame_20260504_001508_967870_jpg.rf.b7771161e87c3437f792f3e372614fa0.jpg,Normal Belt,None,0.0,None,None,1.0,640,640,96.7,1.2m,CORRECT_DETECTION,Optimal clean surface rejection.
healthy_13_frame_20260504_001512_057324_jpg.rf.4c796b5db2f5f181c065f179bf92452e.jpg,Normal Belt,Longitudinal Tear,0.396,None,"[360.9, 537.0, 404.7, 640.0]",0.0,640,640,87.4,1.2m,FALSE_POSITIVE_TEXTURE,Deploy cross-polarization and hard negative texture mining.
healthy_14_frame_20260504_001514_079555_jpg.rf.37495c3e65cc5b3de1175ca91421b6fb.jpg,Normal Belt,Slight Scratch,0.266,None,"[362.4, 0.0, 450.9, 84.8]",0.0,640,640,103.9,1.2m,FALSE_POSITIVE_TEXTURE,Deploy cross-polarization and hard negative texture mining.
healthy_15_frame_20260504_001533_079628_jpg.rf.54a1f6294ab3d89ab46808bf151cbf93.jpg,Normal Belt,None,0.0,None,None,1.0,640,640,117.4,1.2m,CORRECT_DETECTION,Optimal clean surface rejection.
healthy_16_frame_20260504_001536_052864_jpg.rf.67016407ef0efb81ee410788bcd28473.jpg,Normal Belt,Slight Scratch,0.423,None,"[258.1, 470.2, 372.0, 584.1]",0.0,640,640,119.6,1.2m,FALSE_POSITIVE_TEXTURE,Deploy cross-polarization and hard negative texture mining.
healthy_17_frame_20260504_001537_025726_jpg.rf.ec97a516259791d37b4e847ca318d5f5.jpg,Normal Belt,Deep Scratch,0.333,None,"[100.1, 449.6, 214.7, 634.3]",0.0,640,640,119.0,1.2m,FALSE_POSITIVE_TEXTURE,Deploy cross-polarization and hard negative texture mining.
healthy_18_frame_20260504_001546_021033_jpg.rf.ab254af675da1ec558b09b0ab306214b.jpg,Normal Belt,Longitudinal Tear,0.452,None,"[417.2, 387.1, 495.4, 640.0]",0.0,640,640,112.3,1.2m,FALSE_POSITIVE_TEXTURE,Deploy cross-polarization and hard negative texture mining.
healthy_19_frame_20260504_001548_002420_jpg.rf.546d4039eb67ad0fc551ffa6f7e6ecd1.jpg,Normal Belt,None,0.0,None,None,1.0,640,640,116.6,1.2m,CORRECT_DETECTION,Optimal clean surface rejection.
healthy_20_frame_20260504_001552_051405_jpg.rf.fbe3c6f052dd7cd37e34610d9f0fb500.jpg,Normal Belt,None,0.0,None,None,1.0,640,640,117.8,1.2m,CORRECT_DETECTION,Optimal clean surface rejection.
healthy_21_frame_20260504_001554_019290_jpg.rf.cca280432ec81191b9cd2866d2c093cc.jpg,Normal Belt,None,0.0,None,None,1.0,640,640,113.0,2.1m,CORRECT_DETECTION,Optimal clean surface rejection.
healthy_22_frame_20260504_001557_041982_jpg.rf.9cde12a12079ac00cfbcc36a820f89bd.jpg,Normal Belt,None,0.0,None,None,1.0,640,640,114.8,2.1m,CORRECT_DETECTION,Optimal clean surface rejection.
healthy_23_frame_20260504_001558_022123_jpg.rf.842536e8ea30804bb731c12ca4f9b32b.jpg,Normal Belt,Longitudinal Tear,0.334,None,"[269.4, 564.8, 403.3, 638.2]",0.0,640,640,103.6,2.1m,FALSE_POSITIVE_TEXTURE,Deploy cross-polarization and hard negative texture mining.
healthy_24_frame_20260504_001603_223753_jpg.rf.4eb1b8325d2139d1bc93d2ab51d84ce5.jpg,Normal Belt,None,0.0,None,None,1.0,640,640,116.0,2.1m,CORRECT_DETECTION,Optimal clean surface rejection.
healthy_25_frame_20260504_001607_186712_jpg.rf.f609f97e2f2811e62ebc1df49d6f9dc8.jpg,Normal Belt,None,0.0,None,None,1.0,640,640,117.4,2.1m,CORRECT_DETECTION,Optimal clean surface rejection.
healthy_26_frame_20260504_001609_085785_jpg.rf.564e198d7ed9f00b0a45420b33f61760.jpg,Normal Belt,None,0.0,None,None,1.0,640,640,113.4,2.1m,CORRECT_DETECTION,Optimal clean surface rejection.
healthy_27_frame_20260504_001616_036004_jpg.rf.08ea1340e060373c2a43dd4fd6e5aa98.jpg,Normal Belt,Longitudinal Tear,0.325,None,"[427.6, 525.2, 482.6, 639.3]",0.0,640,640,115.1,2.1m,FALSE_POSITIVE_TEXTURE,Deploy cross-polarization and hard negative texture mining.
healthy_28_frame_20260504_002332_685934_jpg.rf.4ad06a701d2513465eb7824e282bba43.jpg,Normal Belt,Longitudinal Tear,0.42,None,"[284.0, 556.1, 389.2, 631.0]",0.0,640,640,76.9,2.1m,FALSE_POSITIVE_TEXTURE,Deploy cross-polarization and hard negative texture mining.
healthy_28_frame_20260504_002332_685934_jpg.rf.4ad06a701d2513465eb7824e282bba43.jpg,Normal Belt,Slight Scratch,0.31,None,"[298.3, 46.8, 368.9, 155.5]",0.0,640,640,76.9,2.1m,FALSE_POSITIVE_TEXTURE,Deploy cross-polarization and hard negative texture mining.
healthy_29_frame_20260504_002350_696874_jpg.rf.67afa279e2f7582b3f0d6e0188d0310a.jpg,Normal Belt,None,0.0,None,None,1.0,640,640,104.2,2.1m,CORRECT_DETECTION,Optimal clean surface rejection.
healthy_30_frame_20260504_002353_727595_jpg.rf.883e0b18bed32b79e1da8bb4f922c11a.jpg,Normal Belt,Longitudinal Tear,0.276,None,"[296.7, 0.0, 421.3, 75.7]",0.0,640,640,103.5,2.1m,FALSE_POSITIVE_TEXTURE,Deploy cross-polarization and hard negative texture mining.
belt_splice_01_frame_20260504_001504_008469_jpg.rf.9d08b7e32f548664329b119f66d4611b.jpg,Belt Splice,Belt Splice,0.748,"[15.5, 232.8, 663.1, 491.0]","[8.8, 195.2, 524.0, 410.7]",0.4817,640,640,98.0,1.2m,CORRECT_DETECTION,Optimal detection.
belt_splice_02_frame_20260504_001445_047434_jpg.rf.1fd76942948d19edb8efa98b10b9b4a5.jpg,Belt Splice,Belt Splice,0.731,"[95.2, 554.5, 616.7, 776.7]","[86.4, 472.1, 486.0, 619.0]",0.1688,640,640,107.2,1.2m,CORRECT_CLASS_WRONG_BOX,Refine human annotation to tightly box defect fissure rather than whole belt region.
belt_splice_03_frame_20260504_001448_939978_jpg.rf.7bf0c76ea72908b43a9992a6835b52fc.jpg,Belt Splice,Belt Splice,0.73,"[16.7, 29.6, 715.5, 334.4]","[11.3, 13.7, 550.0, 270.4]",0.5762,640,640,103.6,1.2m,CORRECT_DETECTION,Optimal detection.
belt_splice_04_frame_20260504_001534_122536_jpg.rf.ccb51e749bead969d37c4cbeea5d6bcc.jpg,Belt Splice,Belt Splice,0.75,"[70.2, 512.2, 659.5, 719.6]","[69.7, 389.3, 520.5, 577.1]",0.1645,640,640,108.6,1.2m,CORRECT_CLASS_WRONG_BOX,Refine human annotation to tightly box defect fissure rather than whole belt region.
belt_splice_05_frame_20260504_001549_078762_jpg.rf.4c9b6a416fb4d0d4d54b9f63c4bc5d6f.jpg,Belt Splice,Belt Splice,0.758,"[95.2, 533.3, 650.0, 761.9]","[77.6, 436.0, 516.9, 607.6]",0.1834,640,640,110.2,1.2m,CORRECT_CLASS_WRONG_BOX,Refine human annotation to tightly box defect fissure rather than whole belt region.
belt_splice_06_frame_20260504_001553_104920_jpg.rf.06910f1fa4eef6889b1ae7cbc7dfe8a1.jpg,Belt Splice,Belt Splice,0.742,"[41.7, 29.6, 754.8, 347.1]","[21.5, 10.5, 601.4, 275.5]",0.5678,640,640,114.8,1.2m,CORRECT_DETECTION,Optimal detection.
belt_splice_07_frame_20260504_001608_041157_jpg.rf.895ce85f4da9544401e7c7ae81b135b4.jpg,Belt Splice,Belt Splice,0.738,"[92.9, 131.2, 757.1, 421.2]","[80.6, 97.1, 603.2, 332.9]",0.4835,640,640,106.6,1.2m,CORRECT_DETECTION,Optimal detection.
belt_splice_08_frame_20260504_002351_721258_jpg.rf.61050ff5514265572a506e35b06ad461.jpg,Belt Splice,Belt Splice,0.687,"[178.6, 582.0, 606.0, 706.9]","[149.6, 459.4, 470.7, 569.6]",0.0,640,640,106.7,1.2m,CORRECT_CLASS_WRONG_BOX,Refine human annotation to tightly box defect fissure rather than whole belt region.
belt_splice_09_frame_20260504_002355_717638_jpg.rf.9bd9227984df4f46c166e76263bddbd8.jpg,Belt Splice,Belt Splice,0.755,"[136.9, 184.1, 641.7, 452.9]","[113.5, 157.7, 548.3, 331.5]",0.4026,640,640,102.9,1.2m,CORRECT_CLASS_WRONG_BOX,Refine human annotation to tightly box defect fissure rather than whole belt region.
belt_splice_10_frame_20260504_002406_708018_jpg.rf.be4013cacfa2e012ff1421bd1bb97e7c.jpg,Belt Splice,Belt Splice,0.707,"[201.2, 598.9, 590.5, 732.3]","[151.1, 475.7, 464.1, 588.9]",0.0,640,640,108.4,1.2m,CORRECT_CLASS_WRONG_BOX,Refine human annotation to tightly box defect fissure rather than whole belt region.
belt_splice_11_frame_20260504_002425_778323_jpg.rf.0e4735c4a839e8aee99776e79283029d.jpg,Belt Splice,Belt Splice,0.721,"[166.7, 296.3, 663.1, 482.5]","[125.3, 229.1, 523.4, 378.2]",0.2383,640,640,99.7,1.2m,CORRECT_CLASS_WRONG_BOX,Refine human annotation to tightly box defect fissure rather than whole belt region.
belt_splice_12_frame_20260504_002440_754928_jpg.rf.6f9273205dd81c9df04bb6a1b0ace422.jpg,Belt Splice,Belt Splice,0.743,"[151.2, 402.1, 625.0, 598.9]","[130.3, 318.9, 502.3, 473.4]",0.1992,640,640,98.0,1.2m,CORRECT_CLASS_WRONG_BOX,Refine human annotation to tightly box defect fissure rather than whole belt region.
belt_splice_13_frame_20260504_003738_264921_jpg.rf.a8283c19e4d32f8c511c4711a12e8069.jpg,Belt Splice,Belt Splice,0.775,"[142.9, 262.4, 685.7, 527.0]","[121.0, 205.0, 550.6, 414.9]",0.3622,640,640,108.4,1.2m,CORRECT_CLASS_WRONG_BOX,Refine human annotation to tightly box defect fissure rather than whole belt region.
belt_splice_14_frame_20260504_003749_285762_jpg.rf.52f0b53fab1f1fa2d768eea9abef141f.jpg,Belt Splice,Belt Splice,0.726,"[186.9, 624.3, 597.6, 772.5]","[151.8, 498.7, 478.5, 616.9]",0.0,640,640,113.4,1.2m,CORRECT_CLASS_WRONG_BOX,Refine human annotation to tightly box defect fissure rather than whole belt region.
belt_splice_15_frame_20260504_003808_345436_jpg.rf.b9abac02d81ba7193d7fa9a0f6232ed7.jpg,Belt Splice,Belt Splice,0.749,"[147.6, 368.3, 664.3, 539.7]","[119.8, 294.4, 524.4, 431.0]",0.1964,640,640,109.0,1.2m,CORRECT_CLASS_WRONG_BOX,Refine human annotation to tightly box defect fissure rather than whole belt region.
belt_splice_16_frame_20260504_004430_979805_jpg.rf.dacc581a63b8ce684ff27593d3fe0494.jpg,Belt Splice,Belt Splice,0.756,"[156.0, 374.6, 685.7, 586.3]","[131.5, 294.8, 533.2, 449.7]",0.1939,640,640,100.4,1.2m,CORRECT_CLASS_WRONG_BOX,Refine human annotation to tightly box defect fissure rather than whole belt region.
belt_splice_17_frame_20260504_004445_970180_jpg.rf.69abb3f3ae45da9dd5b4a6b016d46a03.jpg,Belt Splice,Belt Splice,0.766,"[163.1, 372.5, 654.8, 520.6]","[133.1, 292.4, 527.0, 428.1]",0.191,640,640,99.8,1.2m,CORRECT_CLASS_WRONG_BOX,Refine human annotation to tightly box defect fissure rather than whole belt region.
belt_splice_18_frame_20260504_004501_016110_jpg.rf.d77b1094a463b29f8e3528567e6a70cf.jpg,Belt Splice,Belt Splice,0.725,"[169.0, 440.2, 639.3, 579.9]","[141.8, 346.4, 509.3, 461.6]",0.0724,640,640,95.8,1.2m,CORRECT_CLASS_WRONG_BOX,Refine human annotation to tightly box defect fissure rather than whole belt region.
belt_splice_19_frame_20260504_005330_589754_jpg.rf.6f142fbbe3f8837691e961212edab5cb.jpg,Belt Splice,Belt Splice,0.708,"[201.2, 628.6, 582.1, 742.9]","[160.8, 505.3, 457.3, 603.3]",0.0,640,640,91.6,1.2m,CORRECT_CLASS_WRONG_BOX,Refine human annotation to tightly box defect fissure rather than whole belt region.
belt_splice_20_frame_20260504_005334_600307_jpg.rf.6f10585afc985232388f418f857d52bb.jpg,Belt Splice,Belt Splice,0.748,"[158.3, 376.7, 632.1, 520.6]","[126.7, 293.7, 506.5, 424.1]",0.163,640,640,88.3,1.2m,CORRECT_CLASS_WRONG_BOX,Refine human annotation to tightly box defect fissure rather than whole belt region.
belt_splice_21_frame_20260504_005904_878080_jpg.rf.76c89b60828324b9603a29c2d168f93d.jpg,Belt Splice,Belt Splice,0.743,"[138.1, 450.8, 575.0, 634.9]","[112.2, 367.3, 463.7, 510.3]",0.1739,640,640,93.6,2.1m,CORRECT_CLASS_WRONG_BOX,Refine human annotation to tightly box defect fissure rather than whole belt region.
belt_splice_22_frame_20260504_005908_880939_jpg.rf.839d54b4e0b9c456980aec1d6aaa735a.jpg,Belt Splice,Belt Splice,0.751,"[88.1, 82.5, 692.9, 340.7]","[79.6, 62.7, 537.6, 290.1]",0.5586,640,640,88.1,2.1m,CORRECT_DETECTION,Optimal detection.
belt_splice_23_frame_20260504_005919_851039_jpg.rf.ea52f15c4114ff8fa5eee8d43110263a.jpg,Belt Splice,Belt Splice,0.733,"[138.1, 491.0, 582.1, 673.0]","[113.6, 394.5, 447.8, 533.7]",0.1158,640,640,100.4,2.1m,CORRECT_CLASS_WRONG_BOX,Refine human annotation to tightly box defect fissure rather than whole belt region.
belt_splice_24_frame_20260504_005923_721811_jpg.rf.640e9356565a774e647fadc2baf3cd6a.jpg,Belt Splice,Belt Splice,0.756,"[111.9, 160.8, 665.5, 446.6]","[88.7, 125.2, 523.2, 336.1]",0.4055,640,640,92.8,2.1m,CORRECT_CLASS_WRONG_BOX,Refine human annotation to tightly box defect fissure rather than whole belt region.
belt_splice_25_frame_20260504_005939_055585_jpg.rf.a0c6486814cba0df8df9eddbfc813679.jpg,Belt Splice,Belt Splice,0.774,"[127.4, 281.5, 627.4, 480.4]","[98.4, 225.9, 499.5, 397.3]",0.3444,640,640,92.9,2.1m,CORRECT_CLASS_WRONG_BOX,Refine human annotation to tightly box defect fissure rather than whole belt region.
belt_splice_26_frame_20260504_010001_005058_jpg.rf.7c329401c205a204bf6a9178329f2848.jpg,Belt Splice,Belt Splice,0.717,"[182.1, 584.1, 554.8, 723.8]","[128.0, 467.4, 438.4, 575.9]",0.0,640,640,105.3,2.1m,CORRECT_CLASS_WRONG_BOX,Refine human annotation to tightly box defect fissure rather than whole belt region.
belt_splice_27_frame_20260504_010005_042922_jpg.rf.8e8f7ef5a02e465736fb7661a849fd26.jpg,Belt Splice,Belt Splice,0.767,"[128.6, 306.9, 626.2, 518.5]","[96.4, 246.9, 491.9, 406.0]",0.2722,640,640,94.4,2.1m,CORRECT_CLASS_WRONG_BOX,Refine human annotation to tightly box defect fissure rather than whole belt region.
belt_splice_28_frame_20260504_010016_019268_jpg.rf.2539841ae4c0e74bf8e48dab700db809.jpg,Belt Splice,Belt Splice,0.705,"[166.7, 605.3, 539.3, 721.7]","[133.5, 484.0, 438.5, 578.5]",0.0,640,640,104.7,2.1m,CORRECT_CLASS_WRONG_BOX,Refine human annotation to tightly box defect fissure rather than whole belt region.
belt_splice_29_frame_20260504_010345_901782_jpg.rf.746a825b6596cd482a8b9c2b53e435a3.jpg,Belt Splice,Belt Splice,0.749,"[106.0, 256.1, 619.0, 474.1]","[89.7, 221.4, 494.5, 375.9]",0.364,640,640,92.5,2.1m,CORRECT_CLASS_WRONG_BOX,Refine human annotation to tightly box defect fissure rather than whole belt region.
belt_splice_30_frame_20260504_010356_918602_jpg.rf.5b44d5c8beb9abaea665574af1f508dc.jpg,Belt Splice,Belt Splice,0.689,"[171.4, 584.1, 545.2, 683.6]","[129.6, 451.4, 438.5, 542.5]",0.0,640,640,101.5,2.1m,CORRECT_CLASS_WRONG_BOX,Refine human annotation to tightly box defect fissure rather than whole belt region.
belt_splice_30_frame_20260504_010356_918602_jpg.rf.5b44d5c8beb9abaea665574af1f508dc.jpg,Deep Scratch,Deep Scratch,0.258,"[275.0, 29.6, 453.6, 302.6]","[220.3, 0.7, 376.8, 242.3]",0.3336,640,640,101.5,2.1m,CORRECT_CLASS_WRONG_BOX,Refine human annotation to tightly box defect fissure rather than whole belt region.
deep_scratch_01_frame_20260504_005906_773257_jpg.rf.a5efba1b2b765512f9944b0d89dd10ec.jpg,Deep Scratch,None,0.0,"[278.6, 402.1, 400.0, 465.6]",None,0.0,640,640,94.1,1.2m,MISSED_DEFECT,Add to hard negative/positive suite for future retrain.
deep_scratch_02_frame_20260504_005941_985035_jpg.rf.443b36939fe4355f2011e3c0e9bf75f6.jpg,Deep Scratch,None,0.0,"[341.7, 213.8, 427.4, 370.4]",None,0.0,640,640,104.5,1.2m,MISSED_DEFECT,Add to hard negative/positive suite for future retrain.
deep_scratch_03_frame_20260504_010353_895335_jpg.rf.d339c892c6d1d0625aefec9eafc61439.jpg,Deep Scratch,Deep Scratch,0.664,"[502.4, 431.7, 590.5, 622.2]","[115.9, 104.3, 433.0, 191.0]",0.0,640,640,97.2,1.2m,MISSED_DEFECT,Add to hard negative/positive suite for future retrain.
deep_scratch_04_frame_20260504_001426_418414_jpg.rf.161c709ef1bd88450caf793a1dd2d5d2.jpg,Deep Scratch,Deep Scratch,0.43,"[150.0, 179.9, 300.0, 450.8]","[113.5, 133.8, 235.0, 348.2]",0.2732,640,640,62.2,1.2m,CORRECT_CLASS_WRONG_BOX,Refine human annotation to tightly box defect fissure rather than whole belt region.
deep_scratch_04_frame_20260504_001426_418414_jpg.rf.161c709ef1bd88450caf793a1dd2d5d2.jpg,Slight Scratch,None,0.0,"[361.9, 254.0, 445.2, 366.1]",None,0.0,640,640,62.2,1.2m,MISSED_DEFECT,Add to hard negative/positive suite for future retrain.
deep_scratch_04_frame_20260504_001426_418414_jpg.rf.161c709ef1bd88450caf793a1dd2d5d2.jpg,Deep Scratch,Deep Scratch,0.353,"[264.3, 687.8, 415.5, 776.7]","[217.0, 546.7, 334.1, 613.4]",0.0,640,640,62.2,1.2m,CORRECT_CLASS_WRONG_BOX,Refine human annotation to tightly box defect fissure rather than whole belt region.
deep_scratch_05_frame_20260504_001427_194997_jpg.rf.c120e9b8ef8efb9d1278dbd5c44b0bbe.jpg,Deep Scratch,Deep Scratch,0.411,"[155.9, 167.2, 286.9, 427.5]","[116.4, 134.1, 240.1, 340.9]",0.3247,640,640,65.8,1.2m,CORRECT_CLASS_WRONG_BOX,Refine human annotation to tightly box defect fissure rather than whole belt region.
deep_scratch_05_frame_20260504_001427_194997_jpg.rf.c120e9b8ef8efb9d1278dbd5c44b0bbe.jpg,Slight Scratch,None,0.0,"[361.9, 289.9, 425.0, 361.9]",None,0.0,640,640,65.8,1.2m,MISSED_DEFECT,Add to hard negative/positive suite for future retrain.
deep_scratch_05_frame_20260504_001427_194997_jpg.rf.c120e9b8ef8efb9d1278dbd5c44b0bbe.jpg,Slight Scratch,None,0.0,"[485.7, 455.0, 547.6, 505.8]",None,0.0,640,640,65.8,1.2m,MISSED_DEFECT,Add to hard negative/positive suite for future retrain.
deep_scratch_06_frame_20260504_001428_139165_jpg.rf.6919eb4a4d94d18f19961c12d1b181cf.jpg,Deep Scratch,Deep Scratch,0.454,"[358.3, 237.0, 452.4, 366.1]","[292.6, 197.0, 358.6, 287.9]",0.0008,640,640,69.9,1.2m,CORRECT_CLASS_WRONG_BOX,Refine human annotation to tightly box defect fissure rather than whole belt region.
deep_scratch_07_frame_20260504_001428_997880_jpg.rf.ffb58c3abd33fdafd1b5bc9c71c4bf90.jpg,Deep Scratch,Deep Scratch,0.474,"[366.7, 245.5, 450.0, 368.3]","[294.7, 198.8, 359.2, 290.4]",0.0,640,640,72.4,1.2m,CORRECT_CLASS_WRONG_BOX,Refine human annotation to tightly box defect fissure rather than whole belt region.
deep_scratch_08_frame_20260504_001430_293195_jpg.rf.72b04e3058dd21b8fa6af7fd40ad0261.jpg,Deep Scratch,Deep Scratch,0.395,"[370.2, 251.9, 454.8, 364.0]","[296.1, 199.3, 362.0, 289.3]",0.0,640,640,74.1,1.2m,CORRECT_CLASS_WRONG_BOX,Refine human annotation to tightly box defect fissure rather than whole belt region.
deep_scratch_09_frame_20260504_001431_208607_jpg.rf.a0a3672eef9af93716af13a483dbd162.jpg,Deep Scratch,Deep Scratch,0.429,"[135.7, 163.0, 300.0, 438.1]","[114.4, 134.0, 237.9, 346.1]",0.3554,640,640,77.4,1.2m,CORRECT_CLASS_WRONG_BOX,Refine human annotation to tightly box defect fissure rather than whole belt region.
deep_scratch_09_frame_20260504_001431_208607_jpg.rf.a0a3672eef9af93716af13a483dbd162.jpg,Deep Scratch,Deep Scratch,0.43,"[269.0, 670.9, 422.6, 768.2]","[222.3, 546.8, 339.4, 613.5]",0.0,640,640,77.4,1.2m,CORRECT_CLASS_WRONG_BOX,Refine human annotation to tightly box defect fissure rather than whole belt region.
deep_scratch_10_frame_20260504_001432_273343_jpg.rf.40f508fad80025b65e6a826779a7ab93.jpg,Deep Scratch,Deep Scratch,0.342,"[276.2, 675.1, 416.7, 761.9]","[223.9, 545.3, 338.1, 610.9]",0.0,640,640,80.0,1.2m,CORRECT_CLASS_WRONG_BOX,Refine human annotation to tightly box defect fissure rather than whole belt region.
deep_scratch_11_frame_20260504_001438_044448_jpg.rf.8f76c6fbc3935e0f25cec922cd082db7.jpg,Deep Scratch,Deep Scratch,0.348,"[136.9, 205.3, 295.2, 459.3]","[112.0, 157.5, 238.1, 369.1]",0.3293,640,640,94.1,1.2m,CORRECT_CLASS_WRONG_BOX,Refine human annotation to tightly box defect fissure rather than whole belt region.
deep_scratch_12_frame_20260504_001439_991865_jpg.rf.e635d61d04b96eba5456a5dbbaf7132f.jpg,Deep Scratch,Deep Scratch,0.313,"[120.2, 201.1, 285.7, 465.6]","[93.3, 151.5, 230.2, 369.9]",0.3369,640,640,105.8,1.2m,CORRECT_CLASS_WRONG_BOX,Refine human annotation to tightly box defect fissure rather than whole belt region.
deep_scratch_13_frame_20260504_001440_968717_jpg.rf.36cffe7128ee4282b86d411b03fb4a3c.jpg,Deep Scratch,Deep Scratch,0.722,"[239.3, 330.2, 434.5, 459.3]","[178.1, 258.2, 365.7, 368.8]",0.1188,640,640,107.8,1.2m,CORRECT_CLASS_WRONG_BOX,Refine human annotation to tightly box defect fissure rather than whole belt region.
deep_scratch_14_frame_20260504_001452_040040_jpg.rf.18d7d5655e4dd4ae51f2216eab0a746a.jpg,Deep Scratch,Deep Scratch,0.409,"[96.4, 188.4, 252.4, 491.0]","[66.1, 143.4, 206.7, 371.6]",0.3418,640,640,112.5,1.2m,CORRECT_CLASS_WRONG_BOX,Refine human annotation to tightly box defect fissure rather than whole belt region.
deep_scratch_15_frame_20260504_001455_947952_jpg.rf.a59f4518711a13185bc4b021c761c130.jpg,Deep Scratch,Deep Scratch,0.727,"[183.3, 397.9, 429.8, 524.9]","[146.5, 316.2, 333.1, 417.5]",0.0621,640,640,110.9,1.2m,CORRECT_CLASS_WRONG_BOX,Refine human annotation to tightly box defect fissure rather than whole belt region.
deep_scratch_16_frame_20260504_001506_993389_jpg.rf.7db8d527c44990b90771d9997fcef3d0.jpg,Deep Scratch,Deep Scratch,0.442,"[73.8, 218.0, 219.0, 535.5]","[50.5, 185.3, 187.7, 417.4]",0.4111,640,640,106.4,1.2m,CORRECT_CLASS_WRONG_BOX,Refine human annotation to tightly box defect fissure rather than whole belt region.
deep_scratch_17_frame_20260504_001510_983327_jpg.rf.2915bf7adf223fdb0459ef0f829ab6f5.jpg,Deep Scratch,Deep Scratch,0.722,"[164.3, 486.8, 382.1, 582.0]","[123.5, 370.0, 309.1, 471.2]",0.0,640,640,105.4,1.2m,CORRECT_CLASS_WRONG_BOX,Refine human annotation to tightly box defect fissure rather than whole belt region.
deep_scratch_18_frame_20260504_001530_072063_jpg.rf.f4c1202042ea105fc6517cd283fdcc3c.jpg,Deep Scratch,Deep Scratch,0.783,"[170.2, 173.5, 435.7, 328.1]","[143.3, 127.0, 372.0, 276.9]",0.3831,640,640,118.3,1.2m,CORRECT_CLASS_WRONG_BOX,Refine human annotation to tightly box defect fissure rather than whole belt region.
deep_scratch_19_frame_20260504_001545_043138_jpg.rf.a204ab3dbdb152a48315b19067e521d8.jpg,Deep Scratch,Deep Scratch,0.743,"[196.4, 249.7, 473.8, 412.7]","[157.4, 202.1, 371.2, 324.7]",0.2247,640,640,120.5,1.2m,CORRECT_CLASS_WRONG_BOX,Refine human annotation to tightly box defect fissure rather than whole belt region.
deep_scratch_20_frame_20260504_001600_027709_jpg.rf.365e507d864b730408367403afe69659.jpg,Deep Scratch,Deep Scratch,0.76,"[229.8, 364.0, 457.1, 493.1]","[175.5, 288.4, 377.1, 400.4]",0.1153,640,640,117.0,1.2m,CORRECT_CLASS_WRONG_BOX,Refine human annotation to tightly box defect fissure rather than whole belt region.
deep_scratch_21_frame_20260504_002347_704094_jpg.rf.5928463527010388c391e40919e8c784.jpg,Deep Scratch,Deep Scratch,0.607,"[273.8, 342.9, 472.6, 461.4]","[214.4, 280.1, 380.5, 371.6]",0.0856,640,640,107.9,2.1m,CORRECT_CLASS_WRONG_BOX,Refine human annotation to tightly box defect fissure rather than whole belt region.
deep_scratch_22_frame_20260504_002452_150649_jpg.rf.5bb4b8d3d8b40fd75e1b4abdf487be92.jpg,Deep Scratch,Deep Scratch,0.59,"[260.7, 228.6, 473.8, 370.4]","[209.0, 188.9, 379.9, 294.9]",0.1954,640,640,102.4,2.1m,CORRECT_CLASS_WRONG_BOX,Refine human annotation to tightly box defect fissure rather than whole belt region.
deep_scratch_23_frame_20260504_004417_338750_jpg.rf.020265f2aa7ade05c47663b04a049fee.jpg,Deep Scratch,Deep Scratch,0.365,"[340.5, 8.5, 533.3, 127.0]","[272.9, 4.1, 418.6, 94.5]",0.2294,640,640,69.0,2.1m,CORRECT_CLASS_WRONG_BOX,Refine human annotation to tightly box defect fissure rather than whole belt region.
deep_scratch_24_frame_20260504_004419_135670_jpg.rf.ee9bd7158c50245cb4253366baea415c.jpg,Deep Scratch,Deep Scratch,0.542,"[334.5, 21.2, 502.4, 120.6]","[279.4, 12.7, 410.4, 98.4]",0.2656,640,640,76.7,2.1m,CORRECT_CLASS_WRONG_BOX,Refine human annotation to tightly box defect fissure rather than whole belt region.
deep_scratch_25_frame_20260504_004420_087646_jpg.rf.1c1176d8ecef1134f80421b038c9e810.jpg,Deep Scratch,Deep Scratch,0.58,"[353.6, 29.6, 526.2, 116.4]","[280.3, 17.7, 410.6, 98.1]",0.1813,640,640,81.1,2.1m,CORRECT_CLASS_WRONG_BOX,Refine human annotation to tightly box defect fissure rather than whole belt region.
deep_scratch_26_frame_20260504_004427_979748_jpg.rf.73625f18ced5a5540d1146b85bc57ff0.jpg,Deep Scratch,Deep Scratch,0.498,"[367.9, 31.8, 496.4, 114.3]","[281.0, 20.5, 408.3, 100.1]",0.1537,640,640,94.4,2.1m,CORRECT_CLASS_WRONG_BOX,Refine human annotation to tightly box defect fissure rather than whole belt region.
deep_scratch_27_frame_20260504_004437_949566_jpg.rf.b37247f8d50fb96426e555de8ce4a54a.jpg,Deep Scratch,Deep Scratch,0.343,"[315.5, 510.1, 456.0, 687.8]","[249.3, 405.2, 365.3, 538.7]",0.0365,640,640,105.6,2.1m,CORRECT_CLASS_WRONG_BOX,Refine human annotation to tightly box defect fissure rather than whole belt region.
deep_scratch_28_frame_20260504_004438_972477_jpg.rf.58f1cebf3528df4db37a28de5f69f95a.jpg,Deep Scratch,Deep Scratch,0.696,"[191.7, 258.2, 581.0, 353.4]","[144.4, 212.0, 467.4, 296.8]",0.1978,640,640,107.3,2.1m,CORRECT_CLASS_WRONG_BOX,Refine human annotation to tightly box defect fissure rather than whole belt region.
deep_scratch_29_frame_20260504_004451_049861_jpg.rf.a69f79979dcd2b1a492471f623b10c32.jpg,Deep Scratch,Deep Scratch,0.506,"[350.0, 198.9, 439.3, 431.7]","[280.9, 155.9, 351.6, 344.0]",0.0069,640,640,102.0,2.1m,CORRECT_CLASS_WRONG_BOX,Refine human annotation to tightly box defect fissure rather than whole belt region.
deep_scratch_30_frame_20260504_004452_003492_jpg.rf.8602d4540bc0afb1fc8d94c599037e0f.jpg,Deep Scratch,Deep Scratch,0.423,"[539.3, 122.8, 594.0, 355.6]","[434.1, 88.5, 476.0, 289.6]",0.0,640,640,109.4,2.1m,CORRECT_CLASS_WRONG_BOX,Refine human annotation to tightly box defect fissure rather than whole belt region.
longitudinal_tear_01_frame_20260504_001509_988740_jpg.rf.03c9d782be7db917b7aaca7aeb339782.jpg,Longitudinal Tear,Longitudinal Tear,0.511,"[258.3, 313.2, 388.1, 495.2]","[206.8, 233.0, 306.4, 398.1]",0.1135,640,640,99.6,1.2m,CORRECT_CLASS_WRONG_BOX,Refine human annotation to tightly box defect fissure rather than whole belt region.
longitudinal_tear_02_frame_20260504_001614_049752_jpg.rf.4f4263eb05be3c5dd2b42729460aa66e.jpg,Longitudinal Tear,Longitudinal Tear,0.608,"[338.1, 287.8, 477.4, 520.6]","[268.3, 237.3, 384.8, 408.2]",0.1203,640,640,117.1,1.2m,CORRECT_CLASS_WRONG_BOX,Refine human annotation to tightly box defect fissure rather than whole belt region.
longitudinal_tear_03_frame_20260504_001441_961350_jpg.rf.aebad6485a90033e8aafb8473b255733.jpg,Longitudinal Tear,Longitudinal Tear,0.442,"[523.8, 548.1, 570.2, 776.7]","[409.1, 430.7, 464.4, 639.6]",0.0,640,640,108.8,1.2m,CORRECT_CLASS_WRONG_BOX,Refine human annotation to tightly box defect fissure rather than whole belt region.
longitudinal_tear_04_frame_20260504_001442_973718_jpg.rf.90d4f9f9ea14388c79734122d099959d.jpg,Longitudinal Tear,Longitudinal Tear,0.724,"[321.4, 306.9, 559.5, 539.7]","[251.9, 245.9, 446.3, 424.9]",0.1952,640,640,115.2,1.2m,CORRECT_CLASS_WRONG_BOX,Refine human annotation to tightly box defect fissure rather than whole belt region.
longitudinal_tear_05_frame_20260504_001446_073037_jpg.rf.41a1e03f738daaea4fa37ef8e77b8514.jpg,Longitudinal Tear,Longitudinal Tear,0.676,"[556.0, 42.3, 640.5, 556.6]","[437.4, 38.2, 537.6, 451.5]",0.0,640,640,122.1,1.2m,CORRECT_CLASS_WRONG_BOX,Refine human annotation to tightly box defect fissure rather than whole belt region.
longitudinal_tear_06_frame_20260504_001458_186179_jpg.rf.45c9d9611e5b70db947eea4e15b0ee40.jpg,Longitudinal Tear,Longitudinal Tear,0.699,"[334.5, 349.2, 509.5, 539.7]","[237.8, 275.7, 416.5, 424.4]",0.1147,640,640,106.0,1.2m,CORRECT_CLASS_WRONG_BOX,Refine human annotation to tightly box defect fissure rather than whole belt region.
longitudinal_tear_07_frame_20260504_001500_986995_jpg.rf.137e077228e57924f663b0fc7ab37f2c.jpg,Longitudinal Tear,Longitudinal Tear,0.734,"[513.1, 105.8, 629.8, 590.5]","[409.4, 67.8, 513.9, 490.7]",0.003,640,640,121.6,1.2m,CORRECT_CLASS_WRONG_BOX,Refine human annotation to tightly box defect fissure rather than whole belt region.
longitudinal_tear_08_frame_20260504_001513_018302_jpg.rf.f7516e8158c1e059f9d729290f1cadd1.jpg,Longitudinal Tear,Longitudinal Tear,0.714,"[282.1, 416.9, 486.9, 601.1]","[210.8, 333.5, 389.9, 488.2]",0.1332,640,640,100.9,1.2m,CORRECT_CLASS_WRONG_BOX,Refine human annotation to tightly box defect fissure rather than whole belt region.
longitudinal_tear_09_frame_20260504_001516_192421_jpg.rf.47ba6e82dc7c892129965266c47dab0f.jpg,Longitudinal Tear,Longitudinal Tear,0.63,"[504.8, 188.4, 611.9, 643.4]","[402.2, 146.4, 491.7, 514.5]",0.0,640,640,115.5,1.2m,CORRECT_CLASS_WRONG_BOX,Refine human annotation to tightly box defect fissure rather than whole belt region.
longitudinal_tear_10_frame_20260504_001530_996480_jpg.rf.79076124b49cc1e78d71bf932343f671.jpg,Longitudinal Tear,Longitudinal Tear,0.603,"[511.9, 421.2, 615.5, 749.2]","[409.5, 328.1, 489.3, 633.0]",0.0,640,640,116.9,1.2m,CORRECT_CLASS_WRONG_BOX,Refine human annotation to tightly box defect fissure rather than whole belt region.
longitudinal_tear_11_frame_20260504_001532_107976_jpg.rf.e2256b7b504ab5419bc49e378fe15c04.jpg,Longitudinal Tear,Longitudinal Tear,0.693,"[339.3, 72.0, 586.9, 387.3]","[255.7, 55.4, 467.3, 311.3]",0.3015,640,640,120.8,1.2m,CORRECT_CLASS_WRONG_BOX,Refine human annotation to tightly box defect fissure rather than whole belt region.
longitudinal_tear_12_frame_20260504_001544_003810_jpg.rf.c1c19fbf1fe20e1fa38152a624690169.jpg,Longitudinal Tear,Longitudinal Tear,0.752,"[302.4, 38.1, 447.6, 289.9]","[224.4, 25.5, 365.4, 235.6]",0.2316,640,640,119.6,1.2m,CORRECT_CLASS_WRONG_BOX,Refine human annotation to tightly box defect fissure rather than whole belt region.
longitudinal_tear_13_frame_20260504_001547_038102_jpg.rf.308d6a3ba2b03895f1128f376357827f.jpg,Longitudinal Tear,Longitudinal Tear,0.674,"[288.1, 177.8, 597.6, 499.5]","[253.1, 135.2, 471.2, 385.0]",0.3267,640,640,118.4,1.2m,CORRECT_CLASS_WRONG_BOX,Refine human annotation to tightly box defect fissure rather than whole belt region.
longitudinal_tear_14_frame_20260504_001550_044144_jpg.rf.691e57613f81c56eb9e6314e8cef8683.jpg,Longitudinal Tear,Longitudinal Tear,0.621,"[608.3, 72.0, 666.7, 520.6]","[468.7, 6.3, 583.2, 411.4]",0.0,640,640,117.5,1.2m,CORRECT_CLASS_WRONG_BOX,Refine human annotation to tightly box defect fissure rather than whole belt region.
longitudinal_tear_15_frame_20260504_001601_041886_jpg.rf.f8ad1b0f8eca3614278a63395963fd7d.jpg,Longitudinal Tear,Longitudinal Tear,0.407,"[541.7, 565.1, 597.6, 800.0]","[424.6, 439.0, 489.6, 638.1]",0.0,640,640,114.4,1.2m,MISSED_DEFECT,Add to hard negative/positive suite for future retrain.
longitudinal_tear_16_frame_20260504_001602_072948_jpg.rf.c245a05622b0a5eab12c30f035d11e42.jpg,Longitudinal Tear,Longitudinal Tear,0.729,"[320.2, 298.4, 579.8, 531.2]","[264.7, 242.5, 465.5, 432.7]",0.2467,640,640,116.0,1.2m,CORRECT_CLASS_WRONG_BOX,Refine human annotation to tightly box defect fissure rather than whole belt region.
longitudinal_tear_17_frame_20260504_001605_302441_jpg.rf.1a361e38a220be83117f3c8fdb5b9066.jpg,Longitudinal Tear,Longitudinal Tear,0.665,"[585.7, 91.0, 696.4, 586.2]","[468.3, 42.6, 565.9, 470.1]",0.0,640,640,115.7,1.2m,CORRECT_CLASS_WRONG_BOX,Refine human annotation to tightly box defect fissure rather than whole belt region.
longitudinal_tear_18_frame_20260504_002333_709096_jpg.rf.dd645c0a70d10493d9f0d56615478629.jpg,Longitudinal Tear,Longitudinal Tear,0.461,"[384.5, 706.9, 490.5, 780.9]","[291.6, 555.3, 388.7, 625.9]",0.0,640,640,80.2,1.2m,MISSED_DEFECT,Add to hard negative/positive suite for future retrain.
longitudinal_tear_19_frame_20260504_002334_688567_jpg.rf.1151e52fa3ad0ff7ad711438a01f4ee3.jpg,Longitudinal Tear,Longitudinal Tear,0.453,"[348.8, 677.3, 501.2, 789.4]","[287.7, 555.2, 388.1, 625.6]",0.0,640,640,82.6,1.2m,CORRECT_CLASS_WRONG_BOX,Refine human annotation to tightly box defect fissure rather than whole belt region.
longitudinal_tear_19_frame_20260504_002334_688567_jpg.rf.1151e52fa3ad0ff7ad711438a01f4ee3.jpg,Slight Scratch,Slight Scratch,0.294,"[365.5, 57.1, 460.7, 203.2]","[297.7, 47.8, 370.9, 155.6]",0.0249,640,640,82.6,1.2m,CORRECT_CLASS_WRONG_BOX,Refine human annotation to tightly box defect fissure rather than whole belt region.
longitudinal_tear_20_frame_20260504_002335_732681_jpg.rf.d3e61a9888ef2b6ba2309574f5e732f5.jpg,Longitudinal Tear,Longitudinal Tear,0.459,"[391.7, 702.6, 488.1, 751.3]","[292.1, 555.1, 388.1, 625.9]",0.0,640,640,86.1,1.2m,CORRECT_CLASS_WRONG_BOX,Refine human annotation to tightly box defect fissure rather than whole belt region.
longitudinal_tear_21_frame_20260504_002346_693302_jpg.rf.84b51e397889636ea10532bf918b10eb.jpg,Longitudinal Tear,Longitudinal Tear,0.627,"[367.9, 194.7, 491.7, 378.8]","[290.5, 140.2, 386.1, 307.7]",0.056,640,640,103.4,2.1m,CORRECT_CLASS_WRONG_BOX,Refine human annotation to tightly box defect fissure rather than whole belt region.
longitudinal_tear_22_frame_20260504_002348_694508_jpg.rf.49c978eab7c0ec720525abcdb41a905a.jpg,Longitudinal Tear,Longitudinal Tear,0.44,"[514.3, 491.0, 569.0, 757.7]","[412.9, 396.6, 464.4, 601.9]",0.0,640,640,100.5,2.1m,CORRECT_CLASS_WRONG_BOX,Refine human annotation to tightly box defect fissure rather than whole belt region.
longitudinal_tear_23_frame_20260504_002349_703193_jpg.rf.95599bf96798561ecbb62f89c41e02fd.jpg,Longitudinal Tear,Longitudinal Tear,0.645,"[401.2, 300.5, 557.1, 427.5]","[275.8, 234.6, 446.9, 379.3]",0.088,640,640,105.0,2.1m,CORRECT_CLASS_WRONG_BOX,Refine human annotation to tightly box defect fissure rather than whole belt region.
longitudinal_tear_24_frame_20260504_002352_724720_jpg.rf.f92cef07d4028fdc11eaee588ba359b9.jpg,Longitudinal Tear,Longitudinal Tear,0.669,"[548.8, 112.2, 661.9, 497.3]","[445.3, 90.1, 530.9, 404.5]",0.0,640,640,112.9,2.1m,CORRECT_CLASS_WRONG_BOX,Refine human annotation to tightly box defect fissure rather than whole belt region.
longitudinal_tear_25_frame_20260504_002400_805702_jpg.rf.2e9b33f857a2f2388896b954a3dcacdc.jpg,Longitudinal Tear,Longitudinal Tear,0.458,"[370.2, 656.1, 490.5, 745.0]","[296.5, 525.7, 396.9, 589.2]",0.0,640,640,97.7,2.1m,CORRECT_CLASS_WRONG_BOX,Refine human annotation to tightly box defect fissure rather than whole belt region.
longitudinal_tear_26_frame_20260504_002401_714369_jpg.rf.d43df3b2eaf6df3ae01745c6530b7869.jpg,Longitudinal Tear,Longitudinal Tear,0.556,"[367.9, 296.3, 446.4, 499.5]","[288.0, 230.1, 371.3, 378.6]",0.0099,640,640,100.6,2.1m,CORRECT_CLASS_WRONG_BOX,Refine human annotation to tightly box defect fissure rather than whole belt region.
longitudinal_tear_27_frame_20260504_002404_723887_jpg.rf.b84fe2f481e74c66ff01cfb0ce118572.jpg,Longitudinal Tear,Longitudinal Tear,0.547,"[370.2, 383.1, 533.3, 537.6]","[301.4, 305.2, 430.7, 432.7]",0.0775,640,640,104.2,2.1m,CORRECT_CLASS_WRONG_BOX,Refine human annotation to tightly box defect fissure rather than whole belt region.
longitudinal_tear_28_frame_20260504_002407_724847_jpg.rf.d50408168af6d073c0a39ed77110132c.jpg,Longitudinal Tear,Longitudinal Tear,0.555,"[544.0, 234.9, 627.4, 577.8]","[435.0, 175.5, 510.9, 460.7]",0.0,640,640,101.0,2.1m,CORRECT_CLASS_WRONG_BOX,Refine human annotation to tightly box defect fissure rather than whole belt region.
longitudinal_tear_29_frame_20260504_002422_730793_jpg.rf.cb5fc4c97565b782ae4c5776fb3ea026.jpg,Longitudinal Tear,Longitudinal Tear,0.61,"[540.5, 213.8, 641.7, 531.2]","[429.4, 160.8, 500.5, 428.0]",0.0,640,640,106.5,2.1m,CORRECT_CLASS_WRONG_BOX,Refine human annotation to tightly box defect fissure rather than whole belt region.
longitudinal_tear_30_frame_20260504_002434_835725_jpg.rf.3de390eb41e6b433c78d46b85711320c.jpg,Longitudinal Tear,Longitudinal Tear,0.49,"[369.0, 520.6, 532.1, 594.7]","[299.8, 412.0, 411.0, 480.8]",0.0,640,640,103.8,2.1m,CORRECT_CLASS_WRONG_BOX,Refine human annotation to tightly box defect fissure rather than whole belt region.
slight_scratch_01_frame_20260504_005333_580647_jpg.rf.733f8a7857837c2cd635cf0377d0bb8d.jpg,Slight Scratch,None,0.0,"[471.4, 429.6, 546.4, 548.1]",None,0.0,640,640,95.7,1.2m,LOW_CONFIDENCE_DEFECT,Feature visible but attenuated; increase local illumination or lower threshold to 0.20.
slight_scratch_02_frame_20260504_005841_669567_jpg.rf.3fd04fd5405cc984bf43bcfe6c6ab419.jpg,Slight Scratch,Slight Scratch,0.373,"[455.9, 582.0, 533.3, 662.4]","[417.7, 1.2, 465.3, 137.2]",0.0,640,640,64.8,1.2m,MISSED_DEFECT,Add to hard negative/positive suite for future retrain.
slight_scratch_03_frame_20260504_005842_678301_jpg.rf.375ec8311467a5f68cec5c5ab10a9719.jpg,Slight Scratch,Slight Scratch,0.415,"[309.5, 522.7, 389.3, 609.5]","[417.2, 1.2, 463.8, 134.6]",0.0,640,640,69.0,1.2m,MISSED_DEFECT,Add to hard negative/positive suite for future retrain.
slight_scratch_04_frame_20260504_005913_708942_jpg.rf.de54908c81e5e744e12851844dacbb41.jpg,Slight Scratch,Slight Scratch,0.297,"[509.5, 361.9, 629.8, 478.3]","[258.6, 392.2, 322.5, 456.5]",0.0,640,640,99.6,1.2m,MISSED_DEFECT,Add to hard negative/positive suite for future retrain.
slight_scratch_05_frame_20260504_010346_903311_jpg.rf.4f4bec097d753052698e826f0fe66281.jpg,Slight Scratch,None,0.0,"[486.9, 491.0, 558.3, 605.3]",None,0.0,640,640,97.6,1.2m,MISSED_DEFECT,Add to hard negative/positive suite for future retrain.
slight_scratch_06_frame_20260504_001506_013874_jpg.rf.505f8f14ab8c2fd9a7fa0609dcc8f890.jpg,Slight Scratch,Slight Scratch,0.464,"[271.4, 342.9, 446.4, 486.8]","[225.6, 269.0, 357.0, 391.2]",0.1113,640,640,106.1,1.2m,CORRECT_CLASS_WRONG_BOX,Refine human annotation to tightly box defect fissure rather than whole belt region.
slight_scratch_07_frame_20260504_001508_000036_jpg.rf.efb61e2418a00773b1f1ece1ade28d53.jpg,Slight Scratch,Slight Scratch,0.473,"[264.3, 194.7, 363.1, 340.7]","[204.1, 146.2, 296.0, 278.3]",0.1107,640,640,94.1,1.2m,CORRECT_CLASS_WRONG_BOX,Refine human annotation to tightly box defect fissure rather than whole belt region.
slight_scratch_08_frame_20260504_001556_054329_jpg.rf.be72c461d23c71e9a1bbf6f247c5de1e.jpg,Slight Scratch,None,0.0,"[353.6, 215.9, 467.9, 319.6]",None,0.0,640,640,122.6,1.2m,LOW_CONFIDENCE_DEFECT,Feature visible but attenuated; increase local illumination or lower threshold to 0.20.
slight_scratch_09_frame_20260504_002357_706435_jpg.rf.d832e83050f6ecd76d7b9d2a3e933c87.jpg,Slight Scratch,Slight Scratch,0.522,"[384.5, 279.4, 489.3, 404.2]","[300.0, 220.9, 392.9, 326.5]",0.0176,640,640,107.1,1.2m,CORRECT_CLASS_WRONG_BOX,Refine human annotation to tightly box defect fissure rather than whole belt region.
slight_scratch_10_frame_20260504_002359_717757_jpg.rf.62d5259233ef832813a943c301a5a014.jpg,Slight Scratch,Slight Scratch,0.399,"[351.2, 137.6, 452.4, 279.4]","[281.5, 108.6, 365.8, 231.0]",0.0585,640,640,98.9,1.2m,CORRECT_CLASS_WRONG_BOX,Refine human annotation to tightly box defect fissure rather than whole belt region.
slight_scratch_11_frame_20260504_002432_760097_jpg.rf.3c7e098a361a24b3487ba55e392faf4e.jpg,Slight Scratch,None,0.0,"[261.9, 520.6, 442.9, 670.9]",None,0.0,640,640,105.4,1.2m,MISSED_DEFECT,Add to hard negative/positive suite for future retrain.
slight_scratch_12_frame_20260504_004432_961191_jpg.rf.3d345c7e243dc6d4805602b88c894e53.jpg,Slight Scratch,Slight Scratch,0.527,"[498.8, 503.7, 528.6, 658.2]","[389.3, 400.8, 428.2, 529.8]",0.0,640,640,104.7,1.2m,CORRECT_CLASS_WRONG_BOX,Refine human annotation to tightly box defect fissure rather than whole belt region.
slight_scratch_13_frame_20260504_004447_974224_jpg.rf.c2a90542747a571732118a90f30d442a.jpg,Slight Scratch,Slight Scratch,0.544,"[486.9, 482.5, 538.1, 654.0]","[391.1, 387.9, 429.2, 516.3]",0.0,640,640,105.4,1.2m,CORRECT_CLASS_WRONG_BOX,Refine human annotation to tightly box defect fissure rather than whole belt region.
slight_scratch_14_frame_20260504_005312_597339_jpg.rf.a44b1aa378f5d2b4ebf83a5cca6e04e8.jpg,Slight Scratch,Slight Scratch,0.28,"[350.0, 150.3, 450.0, 218.0]","[498.4, 0.8, 569.9, 35.2]",0.0,640,640,61.3,1.2m,LOW_CONFIDENCE_DEFECT,Feature visible but attenuated; increase local illumination or lower threshold to 0.20.
slight_scratch_14_frame_20260504_005312_597339_jpg.rf.a44b1aa378f5d2b4ebf83a5cca6e04e8.jpg,Deep Scratch,Deep Scratch,0.631,"[356.0, 427.5, 451.2, 613.8]","[282.0, 335.0, 359.5, 488.0]",0.0073,640,640,61.3,1.2m,CORRECT_CLASS_WRONG_BOX,Refine human annotation to tightly box defect fissure rather than whole belt region.
slight_scratch_15_frame_20260504_005313_848486_jpg.rf.20d810f340187d4069e35af5bd3eb2d1.jpg,Slight Scratch,Slight Scratch,0.251,"[490.5, 713.2, 600.0, 770.4]","[494.3, 0.5, 567.9, 30.6]",0.0,640,640,65.7,1.2m,LOW_CONFIDENCE_DEFECT,Feature visible but attenuated; increase local illumination or lower threshold to 0.20.
slight_scratch_16_frame_20260504_005339_583958_jpg.rf.918574edca4582dbd81a046a707ff793.jpg,Slight Scratch,None,0.0,"[346.4, 152.4, 445.2, 402.1]",None,0.0,640,640,98.7,1.2m,MISSED_DEFECT,Add to hard negative/positive suite for future retrain.
slight_scratch_17_frame_20260504_005843_685632_jpg.rf.af8684afd05fee0dfc14c57a73a4108c.jpg,Slight Scratch,Slight Scratch,0.402,"[525.0, 36.0, 563.1, 163.0]","[417.5, 1.0, 463.9, 137.2]",0.0,640,640,71.8,1.2m,CORRECT_CLASS_WRONG_BOX,Refine human annotation to tightly box defect fissure rather than whole belt region.
slight_scratch_18_frame_20260504_005846_706580_jpg.rf.07e149f632e9ae44d4e1fe7f60f6b433.jpg,Slight Scratch,Slight Scratch,0.424,"[307.1, 535.4, 386.9, 601.1]","[417.5, 0.6, 465.4, 138.7]",0.0,640,640,80.1,1.2m,MISSED_DEFECT,Add to hard negative/positive suite for future retrain.
slight_scratch_19_frame_20260504_005859_691526_jpg.rf.16be485b24e0c02f9dbdf805fda50ad6.jpg,Slight Scratch,None,0.0,"[280.9, 239.1, 303.6, 334.4]",None,0.0,640,640,100.4,1.2m,MISSED_DEFECT,Add to hard negative/positive suite for future retrain.
slight_scratch_19_frame_20260504_005859_691526_jpg.rf.16be485b24e0c02f9dbdf805fda50ad6.jpg,Slight Scratch,None,0.0,"[339.3, 410.6, 385.7, 510.0]",None,0.0,640,640,100.4,1.2m,MISSED_DEFECT,Add to hard negative/positive suite for future retrain.
slight_scratch_20_frame_20260504_005905_744834_jpg.rf.e27346feab1dfbe40eecfb4b21ab8616.jpg,Slight Scratch,None,0.0,"[313.1, 433.9, 361.9, 493.1]",None,0.0,640,640,96.1,1.2m,MISSED_DEFECT,Add to hard negative/positive suite for future retrain.
slight_scratch_21_frame_20260504_005907_777469_jpg.rf.af950e414e3cd620f574bfa46cb5c1b8.jpg,Slight Scratch,Slight Scratch,0.498,"[472.6, 243.4, 542.9, 380.9]","[373.7, 189.5, 434.8, 303.5]",0.0,640,640,100.2,2.1m,CORRECT_CLASS_WRONG_BOX,Refine human annotation to tightly box defect fissure rather than whole belt region.
slight_scratch_22_frame_20260504_005910_724374_jpg.rf.a060ff08e8a8c698794022c8b7d7248f.jpg,Slight Scratch,Slight Scratch,0.647,"[479.8, 298.4, 529.8, 505.8]","[382.5, 242.3, 426.7, 401.4]",0.0,640,640,101.8,2.1m,CORRECT_CLASS_WRONG_BOX,Refine human annotation to tightly box defect fissure rather than whole belt region.
slight_scratch_23_frame_20260504_005917_695686_jpg.rf.e5dc31b5f1ed15ff5da16534f7113318.jpg,Slight Scratch,Slight Scratch,0.56,"[347.6, 103.7, 438.1, 207.4]","[275.7, 88.0, 361.0, 176.2]",0.0608,640,640,97.9,2.1m,CORRECT_CLASS_WRONG_BOX,Refine human annotation to tightly box defect fissure rather than whole belt region.
slight_scratch_24_frame_20260504_005926_761019_jpg.rf.8280908a6c0ac3ffa071efc2e8343f6b.jpg,Slight Scratch,Slight Scratch,0.581,"[346.4, 135.4, 445.2, 275.1]","[275.2, 110.9, 355.8, 223.4]",0.0374,640,640,105.3,2.1m,CORRECT_CLASS_WRONG_BOX,Refine human annotation to tightly box defect fissure rather than whole belt region.
slight_scratch_25_frame_20260504_005927_727732_jpg.rf.3a1cf2027dd593f74378677517261659.jpg,Slight Scratch,Slight Scratch,0.479,"[444.0, 192.6, 567.9, 306.9]","[362.8, 152.6, 449.4, 257.3]",0.0153,640,640,100.1,2.1m,CORRECT_CLASS_WRONG_BOX,Refine human annotation to tightly box defect fissure rather than whole belt region.
slight_scratch_26_frame_20260504_005928_792853_jpg.rf.8dde107f4396585bdc983bd3f503670d.jpg,Slight Scratch,Slight Scratch,0.598,"[266.7, 296.3, 376.2, 376.7]","[211.6, 237.7, 295.3, 300.1]",0.0077,640,640,107.0,2.1m,CORRECT_CLASS_WRONG_BOX,Refine human annotation to tightly box defect fissure rather than whole belt region.
slight_scratch_27_frame_20260504_005943_009049_jpg.rf.88245a5a32413aac146d4dd05331b072.jpg,Slight Scratch,Slight Scratch,0.37,"[448.8, 273.0, 534.5, 374.6]","[353.6, 206.4, 438.5, 305.0]",0.0,640,640,96.3,2.1m,CORRECT_CLASS_WRONG_BOX,Refine human annotation to tightly box defect fissure rather than whole belt region.
slight_scratch_28_frame_20260504_005944_005080_jpg.rf.a3f6ca620fd76b2dbd699ab7754ae5a2.jpg,Slight Scratch,Slight Scratch,0.53,"[259.5, 334.4, 353.6, 406.3]","[213.3, 264.3, 295.3, 324.9]",0.0,640,640,105.3,2.1m,CORRECT_CLASS_WRONG_BOX,Refine human annotation to tightly box defect fissure rather than whole belt region.
slight_scratch_29_frame_20260504_005947_023684_jpg.rf.c70e8cab68d4f78073862faeaad69a9b.jpg,Slight Scratch,None,0.0,"[241.7, 332.3, 291.7, 459.3]",None,0.0,640,640,97.9,2.1m,CAMERA_DISTANCE_LIMITATION,Mount camera at 1.2m nominal to preserve optical resolving power.
slight_scratch_30_frame_20260504_005947_983602_jpg.rf.c7d7b049efca1ebde1fdc4bddf162778.jpg,Slight Scratch,Slight Scratch,0.63,"[335.7, 237.0, 426.2, 328.0]","[270.3, 184.9, 342.2, 257.8]",0.0101,640,640,100.9,2.1m,CORRECT_CLASS_WRONG_BOX,Refine human annotation to tightly box defect fissure rather than whole belt region.
