imgsz,conf_threshold,pt_boxes,pt_top_class,pt_top_conf,onnx_verified
640,0.01,0,NONE,0.0,True
640,0.05,0,NONE,0.0,True
640,0.1,0,NONE,0.0,True
640,0.15,0,NONE,0.0,True
640,0.2,0,NONE,0.0,True
640,0.25,0,NONE,0.0,True
640,0.3,0,NONE,0.0,True
640,0.4,0,NONE,0.0,True
640,0.5,0,NONE,0.0,True
800,0.01,0,NONE,0.0,True
800,0.05,0,NONE,0.0,True
800,0.1,0,NONE,0.0,True
800,0.15,0,NONE,0.0,True
800,0.2,0,NONE,0.0,True
800,0.25,0,NONE,0.0,True
800,0.3,0,NONE,0.0,True
800,0.4,0,NONE,0.0,True
800,0.5,0,NONE,0.0,True
1024,0.01,3,longitudinal tear,0.0645,True
1024,0.05,1,longitudinal tear,0.0645,True
1024,0.1,0,NONE,0.0,True
1024,0.15,0,NONE,0.0,True
1024,0.2,0,NONE,0.0,True
1024,0.25,0,NONE,0.0,True
1024,0.3,0,NONE,0.0,True
1024,0.4,0,NONE,0.0,True
1024,0.5,0,NONE,0.0,True
