imgsz,conf_threshold,raw_yolo_boxes,raw_top_class,raw_top_conf,engine_boxes,engine_top_class,engine_top_conf,engine_health_state,raw_latency_ms,engine_latency_ms
640,0.01,0,NONE,0.0,0,NONE,0.0,NO_DETECTIONS,4090.5,408.7
640,0.05,0,NONE,0.0,0,NONE,0.0,NO_DETECTIONS,246.7,352.5
640,0.1,0,NONE,0.0,0,NONE,0.0,NO_DETECTIONS,186.4,323.6
640,0.15,0,NONE,0.0,0,NONE,0.0,NO_DETECTIONS,185.0,318.0
640,0.2,0,NONE,0.0,0,NONE,0.0,NO_DETECTIONS,185.5,313.6
640,0.25,0,NONE,0.0,0,NONE,0.0,NO_DETECTIONS,184.5,317.4
640,0.3,0,NONE,0.0,0,NONE,0.0,NO_DETECTIONS,185.5,312.5
640,0.4,0,NONE,0.0,0,NONE,0.0,NO_DETECTIONS,181.4,311.6
640,0.5,0,NONE,0.0,0,NONE,0.0,NO_DETECTIONS,186.0,312.6
800,0.01,0,NONE,0.0,0,NONE,0.0,NO_DETECTIONS,255.2,318.7
800,0.05,0,NONE,0.0,0,NONE,0.0,NO_DETECTIONS,249.9,461.6
800,0.1,0,NONE,0.0,0,NONE,0.0,NO_DETECTIONS,249.3,312.5
800,0.15,0,NONE,0.0,0,NONE,0.0,NO_DETECTIONS,359.8,495.9
800,0.2,0,NONE,0.0,0,NONE,0.0,NO_DETECTIONS,252.5,324.5
800,0.25,0,NONE,0.0,0,NONE,0.0,NO_DETECTIONS,257.2,321.5
800,0.3,0,NONE,0.0,0,NONE,0.0,NO_DETECTIONS,256.7,323.0
800,0.4,0,NONE,0.0,0,NONE,0.0,NO_DETECTIONS,287.9,319.5
800,0.5,0,NONE,0.0,0,NONE,0.0,NO_DETECTIONS,258.3,320.8
1024,0.01,3,longitudinal tear,0.0645,0,NONE,0.0,NO_DETECTIONS,395.5,319.5
1024,0.05,1,longitudinal tear,0.0645,0,NONE,0.0,NO_DETECTIONS,383.0,324.1
1024,0.1,0,NONE,0.0,0,NONE,0.0,NO_DETECTIONS,369.5,314.2
1024,0.15,0,NONE,0.0,0,NONE,0.0,NO_DETECTIONS,433.9,529.4
1024,0.2,0,NONE,0.0,0,NONE,0.0,NO_DETECTIONS,388.7,318.1
1024,0.25,0,NONE,0.0,0,NONE,0.0,NO_DETECTIONS,374.5,318.4
1024,0.3,0,NONE,0.0,0,NONE,0.0,NO_DETECTIONS,364.8,311.7
1024,0.4,0,NONE,0.0,0,NONE,0.0,NO_DETECTIONS,374.4,314.2
1024,0.5,0,NONE,0.0,0,NONE,0.0,NO_DETECTIONS,381.4,325.0
