image_id,ground_truth,predicted_class,confidence,x_min,y_min,x_max,y_max,inference_time_ms,status
belt_splice_01_frame_20260504_001504_008469_jpg.rf.9d08b7e32f548664329b119f66d4611b.jpg,belt_splice,Belt Splice,0.7482191920280457,8.8,195.2,524.0,410.7,4272.8,TRUE_POSITIVE
belt_splice_02_frame_20260504_001445_047434_jpg.rf.1fd76942948d19edb8efa98b10b9b4a5.jpg,belt_splice,Belt Splice,0.7310304641723633,86.4,472.1,486.0,619.0,440.8,FALSE_POSITIVE
belt_splice_03_frame_20260504_001448_939978_jpg.rf.7bf0c76ea72908b43a9992a6835b52fc.jpg,belt_splice,Belt Splice,0.7304790019989014,11.3,13.7,550.0,270.4,414.6,TRUE_POSITIVE
belt_splice_04_frame_20260504_001534_122536_jpg.rf.ccb51e749bead969d37c4cbeea5d6bcc.jpg,belt_splice,Belt Splice,0.7502573728561401,69.7,389.3,520.5,577.1,404.4,FALSE_POSITIVE
belt_splice_05_frame_20260504_001549_078762_jpg.rf.4c9b6a416fb4d0d4d54b9f63c4bc5d6f.jpg,belt_splice,Belt Splice,0.7578760981559753,77.6,436.0,516.9,607.6,483.9,FALSE_POSITIVE
belt_splice_06_frame_20260504_001553_104920_jpg.rf.06910f1fa4eef6889b1ae7cbc7dfe8a1.jpg,belt_splice,Belt Splice,0.7419145703315735,21.5,10.5,601.4,275.5,444.4,TRUE_POSITIVE
belt_splice_07_frame_20260504_001608_041157_jpg.rf.895ce85f4da9544401e7c7ae81b135b4.jpg,belt_splice,Belt Splice,0.7377418279647827,80.6,97.1,603.2,332.9,420.4,TRUE_POSITIVE
belt_splice_08_frame_20260504_002351_721258_jpg.rf.61050ff5514265572a506e35b06ad461.jpg,belt_splice,Belt Splice,0.6866644024848938,149.6,459.4,470.7,569.6,538.3,FALSE_POSITIVE
belt_splice_08_frame_20260504_002351_721258_jpg.rf.61050ff5514265572a506e35b06ad461.jpg,belt_splice,Deep Scratch,0.5451723337173462,204.7,0.0,416.6,73.4,538.3,FALSE_POSITIVE
belt_splice_09_frame_20260504_002355_717638_jpg.rf.9bd9227984df4f46c166e76263bddbd8.jpg,belt_splice,Belt Splice,0.7552372217178345,113.5,157.7,548.3,331.5,402.9,FALSE_POSITIVE
belt_splice_10_frame_20260504_002406_708018_jpg.rf.be4013cacfa2e012ff1421bd1bb97e7c.jpg,belt_splice,Belt Splice,0.7073421478271484,151.1,475.7,464.1,588.9,412.5,FALSE_POSITIVE
belt_splice_10_frame_20260504_002406_708018_jpg.rf.be4013cacfa2e012ff1421bd1bb97e7c.jpg,belt_splice,Deep Scratch,0.588769257068634,203.5,5.1,409.6,123.2,412.5,FALSE_POSITIVE
deep_scratch_01_frame_20260504_005906_773257_jpg.rf.a5efba1b2b765512f9944b0d89dd10ec.jpg,deep_scratch,Slight Scratch,0.39424923062324524,223.8,314.2,336.4,374.4,404.8,FALSE_POSITIVE
deep_scratch_02_frame_20260504_005941_985035_jpg.rf.443b36939fe4355f2011e3c0e9bf75f6.jpg,deep_scratch,Slight Scratch,0.49837327003479004,271.8,167.5,349.5,262.3,411.2,FALSE_POSITIVE
deep_scratch_03_frame_20260504_010353_895335_jpg.rf.d339c892c6d1d0625aefec9eafc61439.jpg,deep_scratch,Deep Scratch,0.6639292240142822,115.9,104.3,433.0,191.0,406.1,FALSE_POSITIVE
deep_scratch_04_frame_20260504_001426_418414_jpg.rf.161c709ef1bd88450caf793a1dd2d5d2.jpg,deep_scratch,Deep Scratch,0.4302823841571808,113.5,133.8,235.0,348.2,568.0,FALSE_POSITIVE
deep_scratch_04_frame_20260504_001426_418414_jpg.rf.161c709ef1bd88450caf793a1dd2d5d2.jpg,deep_scratch,Deep Scratch,0.3533317744731903,217.0,546.7,334.1,613.4,568.0,FALSE_POSITIVE
deep_scratch_04_frame_20260504_001426_418414_jpg.rf.161c709ef1bd88450caf793a1dd2d5d2.jpg,deep_scratch,Deep Scratch,0.3072916269302368,292.6,198.1,358.6,288.5,568.0,FALSE_POSITIVE
deep_scratch_05_frame_20260504_001427_194997_jpg.rf.c120e9b8ef8efb9d1278dbd5c44b0bbe.jpg,deep_scratch,Deep Scratch,0.4108600318431854,116.4,134.1,240.1,340.9,350.6,FALSE_POSITIVE
deep_scratch_05_frame_20260504_001427_194997_jpg.rf.c120e9b8ef8efb9d1278dbd5c44b0bbe.jpg,deep_scratch,Deep Scratch,0.33094295859336853,293.2,194.3,357.7,287.5,350.6,FALSE_POSITIVE
deep_scratch_05_frame_20260504_001427_194997_jpg.rf.c120e9b8ef8efb9d1278dbd5c44b0bbe.jpg,deep_scratch,Deep Scratch,0.28774914145469666,218.8,545.1,334.8,611.5,350.6,FALSE_POSITIVE
deep_scratch_06_frame_20260504_001428_139165_jpg.rf.6919eb4a4d94d18f19961c12d1b181cf.jpg,deep_scratch,Deep Scratch,0.45447495579719543,292.6,197.0,358.6,287.9,354.4,FALSE_POSITIVE
deep_scratch_06_frame_20260504_001428_139165_jpg.rf.6919eb4a4d94d18f19961c12d1b181cf.jpg,deep_scratch,Deep Scratch,0.4145682752132416,114.2,134.3,234.5,347.1,354.4,FALSE_POSITIVE
deep_scratch_06_frame_20260504_001428_139165_jpg.rf.6919eb4a4d94d18f19961c12d1b181cf.jpg,deep_scratch,Deep Scratch,0.40472617745399475,219.0,546.2,334.6,612.3,354.4,FALSE_POSITIVE
deep_scratch_07_frame_20260504_001428_997880_jpg.rf.ffb58c3abd33fdafd1b5bc9c71c4bf90.jpg,deep_scratch,Deep Scratch,0.47366365790367126,294.7,198.8,359.2,290.4,345.1,FALSE_POSITIVE
deep_scratch_07_frame_20260504_001428_997880_jpg.rf.ffb58c3abd33fdafd1b5bc9c71c4bf90.jpg,deep_scratch,Deep Scratch,0.4161018431186676,113.3,135.3,236.4,349.3,345.1,FALSE_POSITIVE
deep_scratch_07_frame_20260504_001428_997880_jpg.rf.ffb58c3abd33fdafd1b5bc9c71c4bf90.jpg,deep_scratch,Deep Scratch,0.33453691005706787,220.2,549.4,334.4,613.9,345.1,FALSE_POSITIVE
deep_scratch_08_frame_20260504_001430_293195_jpg.rf.72b04e3058dd21b8fa6af7fd40ad0261.jpg,deep_scratch,Deep Scratch,0.42125651240348816,221.5,548.2,335.8,614.5,348.9,FALSE_POSITIVE
deep_scratch_08_frame_20260504_001430_293195_jpg.rf.72b04e3058dd21b8fa6af7fd40ad0261.jpg,deep_scratch,Deep Scratch,0.4069330096244812,114.1,135.7,237.2,350.1,348.9,FALSE_POSITIVE
deep_scratch_08_frame_20260504_001430_293195_jpg.rf.72b04e3058dd21b8fa6af7fd40ad0261.jpg,deep_scratch,Deep Scratch,0.3945755362510681,296.1,199.3,362.0,289.3,348.9,FALSE_POSITIVE
deep_scratch_09_frame_20260504_001431_208607_jpg.rf.a0a3672eef9af93716af13a483dbd162.jpg,deep_scratch,Deep Scratch,0.4300905466079712,222.3,546.8,339.4,613.5,356.3,FALSE_POSITIVE
deep_scratch_09_frame_20260504_001431_208607_jpg.rf.a0a3672eef9af93716af13a483dbd162.jpg,deep_scratch,Deep Scratch,0.42926451563835144,114.4,134.0,237.9,346.1,356.3,FALSE_POSITIVE
deep_scratch_09_frame_20260504_001431_208607_jpg.rf.a0a3672eef9af93716af13a483dbd162.jpg,deep_scratch,Deep Scratch,0.4119677245616913,298.1,197.8,364.2,288.0,356.3,FALSE_POSITIVE
deep_scratch_10_frame_20260504_001432_273343_jpg.rf.40f508fad80025b65e6a826779a7ab93.jpg,deep_scratch,Deep Scratch,0.41599759459495544,299.7,196.2,364.2,287.4,344.0,FALSE_POSITIVE
deep_scratch_10_frame_20260504_001432_273343_jpg.rf.40f508fad80025b65e6a826779a7ab93.jpg,deep_scratch,Deep Scratch,0.4026165306568146,115.5,133.5,238.1,343.9,344.0,FALSE_POSITIVE
deep_scratch_10_frame_20260504_001432_273343_jpg.rf.40f508fad80025b65e6a826779a7ab93.jpg,deep_scratch,Deep Scratch,0.3424259424209595,223.9,545.3,338.1,610.9,344.0,FALSE_POSITIVE
longitudinal_tear_01_frame_20260504_001509_988740_jpg.rf.03c9d782be7db917b7aaca7aeb339782.jpg,longitudinal_tear,Longitudinal Tear,0.5113888382911682,206.8,233.0,306.4,398.1,356.9,FALSE_POSITIVE
longitudinal_tear_02_frame_20260504_001614_049752_jpg.rf.4f4263eb05be3c5dd2b42729460aa66e.jpg,longitudinal_tear,Longitudinal Tear,0.6079288125038147,268.3,237.3,384.8,408.2,366.5,FALSE_POSITIVE
longitudinal_tear_03_frame_20260504_001441_961350_jpg.rf.aebad6485a90033e8aafb8473b255733.jpg,longitudinal_tear,Longitudinal Tear,0.4419775903224945,409.1,430.7,464.4,639.6,348.6,FALSE_POSITIVE
longitudinal_tear_04_frame_20260504_001442_973718_jpg.rf.90d4f9f9ea14388c79734122d099959d.jpg,longitudinal_tear,Longitudinal Tear,0.7244192957878113,251.9,245.9,446.3,424.9,356.9,FALSE_POSITIVE
longitudinal_tear_05_frame_20260504_001446_073037_jpg.rf.41a1e03f738daaea4fa37ef8e77b8514.jpg,longitudinal_tear,Longitudinal Tear,0.6759219169616699,437.4,38.2,537.6,451.5,626.6,FALSE_POSITIVE
longitudinal_tear_06_frame_20260504_001458_186179_jpg.rf.45c9d9611e5b70db947eea4e15b0ee40.jpg,longitudinal_tear,Longitudinal Tear,0.6985244750976562,237.8,275.7,416.5,424.4,350.8,FALSE_POSITIVE
longitudinal_tear_07_frame_20260504_001500_986995_jpg.rf.137e077228e57924f663b0fc7ab37f2c.jpg,longitudinal_tear,Longitudinal Tear,0.7337073683738708,409.4,67.8,513.9,490.7,352.0,FALSE_POSITIVE
longitudinal_tear_08_frame_20260504_001513_018302_jpg.rf.f7516e8158c1e059f9d729290f1cadd1.jpg,longitudinal_tear,Longitudinal Tear,0.7136926054954529,210.8,333.5,389.9,488.2,349.7,FALSE_POSITIVE
longitudinal_tear_09_frame_20260504_001516_192421_jpg.rf.47ba6e82dc7c892129965266c47dab0f.jpg,longitudinal_tear,Longitudinal Tear,0.6302701234817505,402.2,146.4,491.7,514.5,349.6,FALSE_POSITIVE
longitudinal_tear_10_frame_20260504_001530_996480_jpg.rf.79076124b49cc1e78d71bf932343f671.jpg,longitudinal_tear,Longitudinal Tear,0.6034020185470581,409.5,328.1,489.3,633.0,355.8,FALSE_POSITIVE
healthy_01_frame_20260504_001551_068015_jpg.rf.2eae1557a440a3106f20cad67bc9714f.jpg,healthy,Slight Scratch,0.25785210728645325,273.7,497.6,381.0,610.2,352.3,FALSE_POSITIVE
healthy_02_frame_20260504_001606_073276_jpg.rf.4548423d7cd1e025f133c156c2ba2c5b.jpg,healthy,NO_DETECTIONS,0.0,0,0,0,0,355.1,NO_DETECTIONS
healthy_03_frame_20260504_001610_014236_jpg.rf.3eae5a7e3561521329e39c8bf75f3ab2.jpg,healthy,Slight Scratch,0.582473635673523,279.4,185.8,414.4,311.3,379.6,FALSE_POSITIVE
healthy_04_frame_20260504_003223_261865_jpg.rf.c57cb6c90f2306caa729815a699c3894.jpg,healthy,NO_DETECTIONS,0.0,0,0,0,0,367.1,NO_DETECTIONS
healthy_05_frame_20260504_003751_279429_jpg.rf.1d65e958909e76e16226a7b388d7f5e2.jpg,healthy,NO_DETECTIONS,0.0,0,0,0,0,477.6,NO_DETECTIONS
healthy_06_frame_20260504_004428_968516_jpg.rf.17abd8ef295655f2457393854b6f0f2c.jpg,healthy,NO_DETECTIONS,0.0,0,0,0,0,354.6,NO_DETECTIONS
healthy_07_frame_20260504_001443_963840_jpg.rf.791ffd9b275f42be102838619f9c3a4f.jpg,healthy,NO_DETECTIONS,0.0,0,0,0,0,378.2,NO_DETECTIONS
healthy_08_frame_20260504_001453_094795_jpg.rf.965b1f19600269ad921f53f2648c46a9.jpg,healthy,Slight Scratch,0.25002816319465637,234.1,0.0,323.3,122.8,356.0,FALSE_POSITIVE
healthy_09_frame_20260504_001457_172954_jpg.rf.c14014192a520d1f9c41d3a31ef9b8e0.jpg,healthy,Longitudinal Tear,0.422309547662735,392.5,421.5,446.9,638.5,348.7,FALSE_POSITIVE
healthy_10_frame_20260504_001459_046383_jpg.rf.9e74d9fd5028709eff76c5804d3ffbc3.jpg,healthy,NO_DETECTIONS,0.0,0,0,0,0,358.8,NO_DETECTIONS
slight_scratch_01_frame_20260504_005333_580647_jpg.rf.733f8a7857837c2cd635cf0377d0bb8d.jpg,slight_scratch,NO_DETECTIONS,0.0,0,0,0,0,350.4,NO_DETECTIONS
slight_scratch_02_frame_20260504_005841_669567_jpg.rf.3fd04fd5405cc984bf43bcfe6c6ab419.jpg,slight_scratch,Slight Scratch,0.37299564480781555,417.7,1.2,465.3,137.2,351.1,FALSE_POSITIVE
slight_scratch_03_frame_20260504_005842_678301_jpg.rf.375ec8311467a5f68cec5c5ab10a9719.jpg,slight_scratch,Slight Scratch,0.4149675965309143,417.2,1.2,463.8,134.6,353.9,FALSE_POSITIVE
slight_scratch_04_frame_20260504_005913_708942_jpg.rf.de54908c81e5e744e12851844dacbb41.jpg,slight_scratch,Slight Scratch,0.6079714298248291,210.5,192.2,297.8,264.2,342.6,FALSE_POSITIVE
slight_scratch_04_frame_20260504_005913_708942_jpg.rf.de54908c81e5e744e12851844dacbb41.jpg,slight_scratch,Deep Scratch,0.3167564272880554,254.2,0.0,338.2,135.8,342.6,FALSE_POSITIVE
slight_scratch_04_frame_20260504_005913_708942_jpg.rf.de54908c81e5e744e12851844dacbb41.jpg,slight_scratch,Slight Scratch,0.2967149317264557,258.6,392.2,322.5,456.5,342.6,FALSE_POSITIVE
slight_scratch_05_frame_20260504_010346_903311_jpg.rf.4f4bec097d753052698e826f0fe66281.jpg,slight_scratch,NO_DETECTIONS,0.0,0,0,0,0,359.0,NO_DETECTIONS
slight_scratch_06_frame_20260504_001506_013874_jpg.rf.505f8f14ab8c2fd9a7fa0609dcc8f890.jpg,slight_scratch,Slight Scratch,0.46425825357437134,225.6,269.0,357.0,391.2,570.3,FALSE_POSITIVE
slight_scratch_07_frame_20260504_001508_000036_jpg.rf.efb61e2418a00773b1f1ece1ade28d53.jpg,slight_scratch,Slight Scratch,0.47268611192703247,204.1,146.2,296.0,278.3,416.0,FALSE_POSITIVE
slight_scratch_08_frame_20260504_001556_054329_jpg.rf.be72c461d23c71e9a1bbf6f247c5de1e.jpg,slight_scratch,Deep Scratch,0.4340541958808899,87.1,82.4,230.8,331.4,364.3,FALSE_POSITIVE
slight_scratch_09_frame_20260504_002357_706435_jpg.rf.d832e83050f6ecd76d7b9d2a3e933c87.jpg,slight_scratch,Slight Scratch,0.522439181804657,300.0,220.9,392.9,326.5,352.6,FALSE_POSITIVE
slight_scratch_10_frame_20260504_002359_717757_jpg.rf.62d5259233ef832813a943c301a5a014.jpg,slight_scratch,Slight Scratch,0.39868372678756714,281.5,108.6,365.8,231.0,354.8,FALSE_POSITIVE
